1;2007;2023-01-19 18:11:00
2;2009;2023-01-19 18:11:00
3;2009;2023-01-19 18:11:00
4;2009;2023-01-19 18:11:00
5;2007;2023-01-19 18:11:00
6;2009;2023-01-19 18:11:00
7;2007;2023-01-19 18:11:00
8;2007;2023-01-19 18:11:00
9;2007;2023-01-19 18:11:00
10;2011;2023-01-19 18:11:00
11;2007;2023-01-19 18:11:00
12;2009;2023-01-19 18:11:00
13;2007;2023-01-19 18:11:00
14;2007;2023-01-19 18:11:00
15;2007;2023-01-19 18:11:00
16;2007;2023-01-19 18:11:00
17;2007;2023-01-19 18:11:00
18;2007;2023-01-19 18:11:00
19;2007;2023-01-19 18:11:00
20;2007;2023-01-19 18:11:00
21;2009;2023-01-19 18:11:00
22;2012;2023-01-19 18:11:00
23;2007;2023-01-19 18:11:00
24;2007;2023-01-19 18:11:00
25;2009;2023-01-19 18:11:00
26;2007;2023-01-19 18:11:00
27;2007;2023-01-19 18:11:00
28;2010;2023-01-19 18:11:00
29;2012;2023-01-19 18:11:00
30;2010;2023-01-19 18:11:00
31;2010;2023-01-19 18:11:00
32;2009;2023-01-19 18:11:00
33;2007;2023-01-19 18:11:00
34;2011;2023-01-19 18:11:00
35;2007;2023-01-19 18:11:00
36;2007;2023-01-19 18:11:00
37;2007;2023-01-19 18:11:00
38;2010;2023-01-19 18:11:00
39;2012;2023-01-19 18:11:00
40;2012;2023-01-19 18:11:00
41;2009;2023-01-19 18:11:00
42;2007;2023-01-19 18:11:00
43;2012;2023-01-19 18:11:00
44;2010;2023-01-19 18:11:00
45;2011;2023-01-19 18:11:00
46;2007;2023-01-19 18:11:00
47;2007;2023-01-19 18:11:00
48;2008;2023-01-19 18:11:00
49;2009;2023-01-19 18:11:00
50;2012;2023-01-19 18:11:00
51;2011;2023-01-19 18:11:00
52;2012;2023-01-19 18:11:00
53;2009;2023-01-19 18:11:00
54;2007;2023-01-19 18:11:00
55;2007;2023-01-19 18:11:00
56;2007;2023-01-19 18:11:00
57;2007;2023-01-19 18:11:00
58;2007;2023-01-19 18:11:00
59;2007;2023-01-19 18:11:00
60;2007;2023-01-19 18:11:00
61;2012;2023-01-19 18:11:00
62;2011;2023-01-19 18:11:00
63;2007;2023-01-19 18:11:00
64;2007;2023-01-19 18:11:00
65;2007;2023-01-19 18:11:00
66;2007;2023-01-19 18:11:00
67;2007;2023-01-19 18:11:00
68;2008;2023-01-19 18:11:00
69;2007;2023-01-19 18:11:00
70;2007;2023-01-19 18:11:00
71;2007;2023-01-19 18:11:00
72;2007;2023-01-19 18:11:00
73;2011;2023-01-19 18:11:00
74;2009;2023-01-19 18:11:00
75;2009;2023-01-19 18:11:00
76;2010;2023-01-19 18:11:00
77;2008;2023-01-19 18:11:00
78;2007;2023-01-19 18:11:00
79;2009;2023-01-19 18:11:00
80;2012;2023-01-19 18:11:00
81;2012;2023-01-19 18:11:00
82;2011;2023-01-19 18:11:00
83;2010;2023-01-19 18:11:00
84;2007;2023-01-19 18:11:00
85;2007;2023-01-19 18:11:00
86;2007;2023-01-19 18:11:00
87;2007;2023-01-19 18:11:00
88;2011;2023-01-19 18:11:00
89;2009;2023-01-19 18:11:00
90;2009;2023-01-19 18:11:00
91;2012;2023-01-19 18:11:00
92;2007;2023-01-19 18:11:00
93;2012;2023-01-19 18:11:00
94;2012;2023-01-19 18:11:00
95;2007;2023-01-19 18:11:00
96;2009;2023-01-19 18:11:00
97;2007;2023-01-19 18:11:00
98;2007;2023-01-19 18:11:00
99;2010;2023-01-19 18:11:00
100;2011;2023-01-19 18:11:00
101;2012;2023-01-19 18:11:00
102;2007;2023-01-19 18:11:00
103;2012;2023-01-19 18:11:00
104;2012;2023-01-19 18:11:00
105;2012;2023-01-19 18:11:00
106;2007;2023-01-19 18:11:00
107;2007;2023-01-19 18:11:00
108;2007;2023-01-19 18:11:00
109;2009;2023-01-19 18:11:00
110;2007;2023-01-19 18:11:00
111;2007;2023-01-19 18:11:00
112;2012;2023-01-19 18:11:00
113;2012;2023-01-19 18:11:00
114;2012;2023-01-19 18:11:00
115;2007;2023-01-19 18:11:00
116;2007;2023-01-19 18:11:00
117;2007;2023-01-19 18:11:00
118;2010;2023-01-19 18:11:00
119;2010;2023-01-19 18:11:00
120;2012;2023-01-19 18:11:00
121;2007;2023-01-19 18:11:00
122;2009;2023-01-19 18:11:00
123;2008;2023-01-19 18:11:00
124;2011;2023-01-19 18:11:00
125;2007;2023-01-19 18:11:00
126;2011;2023-01-19 18:11:00
127;2011;2023-01-19 18:11:00
128;2008;2023-01-19 18:11:00
129;2007;2023-01-19 18:11:00
130;2007;2023-01-19 18:11:00
131;2010;2023-01-19 18:11:00
132;2012;2023-01-19 18:11:00
133;2012;2023-01-19 18:11:00
134;2007;2023-01-19 18:11:00
135;2007;2023-01-19 18:11:00
136;2012;2023-01-19 18:11:00
137;2007;2023-01-19 18:11:00
138;2007;2023-01-19 18:11:00
139;2007;2023-01-19 18:11:00
140;2012;2023-01-19 18:11:00
141;2007;2023-01-19 18:11:00
142;2011;2023-01-19 18:11:00
143;2012;2023-01-19 18:11:00
144;2012;2023-01-19 18:11:00
145;2007;2023-01-19 18:11:00
146;2012;2023-01-19 18:11:00
147;2012;2023-01-19 18:11:00
148;2007;2023-01-19 18:11:00
149;2007;2023-01-19 18:11:00
150;2007;2023-01-19 18:11:00
151;2012;2023-01-19 18:11:00
152;2007;2023-01-19 18:11:00
153;2007;2023-01-19 18:11:00
154;2010;2023-01-19 18:11:00
155;2009;2023-01-19 18:11:00
156;2007;2023-01-19 18:11:00
157;2010;2023-01-19 18:11:00
158;2008;2023-01-19 18:11:00
159;2007;2023-01-19 18:11:00
160;2012;2023-01-19 18:11:00
161;2007;2023-01-19 18:11:00
162;2007;2023-01-19 18:11:00
163;2010;2023-01-19 18:11:00
164;2009;2023-01-19 18:11:00
165;2007;2023-01-19 18:11:00
166;2009;2023-01-19 18:11:00
167;2012;2023-01-19 18:11:00
168;2007;2023-01-19 18:11:00
169;2007;2023-01-19 18:11:00
170;2007;2023-01-19 18:11:00
171;2007;2023-01-19 18:11:00
172;2009;2023-01-19 18:11:00
173;2009;2023-01-19 18:11:00
174;2009;2023-01-19 18:11:00
175;2007;2023-01-19 18:11:00
176;2011;2023-01-19 18:11:00
177;2010;2023-01-19 18:11:00
178;2010;2023-01-19 18:11:00
179;2009;2023-01-19 18:11:00
180;2007;2023-01-19 18:11:00
181;2007;2023-01-19 18:11:00
182;2008;2023-01-19 18:11:00
183;2007;2023-01-19 18:11:00
184;2007;2023-01-19 18:11:00
185;2007;2023-01-19 18:11:00
186;2009;2023-01-19 18:11:00
187;2009;2023-01-19 18:11:00
188;2010;2023-01-19 18:11:00
189;2007;2023-01-19 18:11:00
190;2010;2023-01-19 18:11:00
191;2011;2023-01-19 18:11:00
192;2012;2023-01-19 18:11:00
193;2012;2023-01-19 18:11:00
194;2007;2023-01-19 18:11:00
195;2011;2023-01-19 18:11:00
196;2010;2023-01-19 18:11:00
197;2009;2023-01-19 18:11:00
198;2010;2023-01-19 18:11:00
199;2011;2023-01-19 18:11:00
200;2012;2023-01-19 18:11:00
201;2007;2023-01-19 18:11:00
202;2013;2023-01-19 18:11:00
203;2013;2023-01-19 18:11:00
204;2013;2023-01-19 18:11:00
205;2013;2023-01-19 18:11:00
206;2013;2023-01-19 18:11:00
207;2013;2023-01-19 18:11:00
208;2013;2023-01-19 18:11:00
209;2013;2023-01-19 18:11:00
210;2013;2023-01-19 18:11:00
211;2013;2023-01-19 18:11:00
212;2013;2023-01-19 18:11:00
213;2013;2023-01-19 18:11:00
214;2013;2023-01-19 18:11:00
215;2013;2023-01-19 18:11:00
216;2013;2023-01-19 18:11:00
217;2013;2023-01-19 18:11:00
218;2013;2023-01-19 18:11:00
219;2013;2023-01-19 18:11:00
220;2013;2023-01-19 18:11:00
221;2013;2023-01-19 18:11:00
222;2013;2023-01-19 18:11:00
223;2013;2023-01-19 18:11:00
224;2013;2023-01-19 18:11:00
225;2014;2023-01-19 18:11:00
226;2014;2023-01-19 18:11:00
227;2014;2023-01-19 18:11:00
228;2014;2023-01-19 18:11:00
229;2014;2023-01-19 18:11:00
230;2014;2023-01-19 18:11:00
231;2014;2023-01-19 18:11:00
232;2014;2023-01-19 18:11:00
233;2014;2023-01-19 18:11:00
234;2014;2023-01-19 18:11:00
235;2014;2023-01-19 18:11:00
236;2014;2023-01-19 18:11:00
237;2014;2023-01-19 18:11:00
238;2014;2023-01-19 18:11:00
239;2014;2023-01-19 18:11:00
240;2014;2023-01-19 18:11:00
241;2014;2023-01-19 18:11:00
242;2014;2023-01-19 18:11:00
243;2014;2023-01-19 18:11:00
244;2014;2023-01-19 18:11:00
245;2014;2023-01-19 18:11:00
246;2014;2023-01-19 18:11:00
247;2014;2023-01-19 18:11:00
248;2014;2023-01-19 18:11:00
249;2014;2023-01-19 18:11:00
250;2014;2023-01-19 18:11:00
251;2014;2023-01-19 18:11:00
252;2014;2023-01-19 18:11:00
253;2014;2023-01-19 18:11:00
254;2014;2023-01-19 18:11:00
255;2014;2023-01-19 18:11:00
256;2014;2023-01-19 18:11:00
257;2014;2023-01-19 18:11:00
258;2014;2023-01-19 18:11:00
259;2014;2023-01-19 18:11:00
260;2014;2023-01-19 18:11:00
261;2014;2023-01-19 18:11:00
262;2014;2023-01-19 18:11:00
263;2014;2023-01-19 18:11:00
264;2014;2023-01-19 18:11:00
265;2014;2023-01-19 18:11:00
266;2015;2023-01-19 18:11:00
267;2015;2023-01-19 18:11:00
268;2015;2023-01-19 18:11:00
269;2015;2023-01-19 18:11:00
270;2015;2023-01-19 18:11:00
271;2015;2023-01-19 18:11:00
272;2015;2023-01-19 18:11:00
273;2015;2023-01-19 18:11:00
274;2015;2023-01-19 18:11:00
275;2015;2023-01-19 18:11:00
276;2015;2023-01-19 18:11:00
277;2015;2023-01-19 18:11:00
278;2015;2023-01-19 18:11:00
279;2015;2023-01-19 18:11:00
280;2015;2023-01-19 18:11:00
281;2015;2023-01-19 18:11:00
282;2015;2023-01-19 18:11:00
283;2015;2023-01-19 18:11:00
284;2015;2023-01-19 18:11:00
285;2015;2023-01-19 18:11:00
286;2015;2023-01-19 18:11:00
287;2015;2023-01-19 18:11:00
288;2015;2023-01-19 18:11:00
289;2015;2023-01-19 18:11:00
290;2015;2023-01-19 18:11:00
291;2015;2023-01-19 18:11:00
292;2015;2023-01-19 18:11:00
293;2015;2023-01-19 18:11:00
294;2015;2023-01-19 18:11:00
295;2015;2023-01-19 18:11:00
296;2015;2023-01-19 18:11:00
297;2015;2023-01-19 18:11:00
298;2015;2023-01-19 18:11:00
299;2015;2023-01-19 18:11:00
300;2015;2023-01-19 18:11:00
301;2015;2023-01-19 18:11:00
302;2015;2023-01-19 18:11:00
303;2015;2023-01-19 18:11:00
304;2015;2023-01-19 18:11:00
305;2015;2023-01-19 18:11:00
306;2015;2023-01-19 18:11:00
307;2015;2023-01-19 18:11:00
308;2015;2023-01-19 18:11:00
309;2015;2023-01-19 18:11:00
310;2015;2023-01-19 18:11:00
311;2015;2023-01-19 18:11:00
312;2015;2023-01-19 18:11:00
313;2016;2023-01-19 18:11:00
314;2016;2023-01-19 18:11:00
315;2016;2023-01-19 18:11:00
316;2016;2023-01-19 18:11:00
317;2016;2023-01-19 18:11:00
318;2016;2023-01-19 18:11:00
319;2016;2023-01-19 18:11:00
320;2016;2023-01-19 18:11:00
321;2016;2023-01-19 18:11:00
322;2016;2023-01-19 18:11:00
323;2016;2023-01-19 18:11:00
324;2016;2023-01-19 18:11:00
325;2016;2023-01-19 18:11:00
326;2016;2023-01-19 18:11:00
327;2016;2023-01-19 18:11:00
328;2016;2023-01-19 18:11:00
329;2016;2023-01-19 18:11:00
330;2016;2023-01-19 18:11:00
331;2016;2023-01-19 18:11:00
332;2016;2023-01-19 18:11:00
333;2016;2023-01-19 18:11:00
334;2016;2023-01-19 18:11:00
335;2016;2023-01-19 18:11:00
336;2016;2023-01-19 18:11:00
337;2016;2023-01-19 18:11:00
338;2016;2023-01-19 18:11:00
339;2016;2023-01-19 18:11:00
340;2016;2023-01-19 18:11:00
341;2016;2023-01-19 18:11:00
342;2016;2023-01-19 18:11:00
343;2016;2023-01-19 18:11:00
344;2016;2023-01-19 18:11:00
345;2016;2023-01-19 18:11:00
346;2016;2023-01-19 18:11:00
347;2016;2023-01-19 18:11:00
348;2016;2023-01-19 18:11:00
349;2016;2023-01-19 18:11:00
350;2016;2023-01-19 18:11:00
351;2016;2023-01-19 18:11:00
352;2016;2023-01-19 18:11:00
353;2016;2023-01-19 18:11:00
354;2016;2023-01-19 18:11:00
355;2016;2023-01-19 18:11:00
356;2016;2023-01-19 18:11:00
357;2016;2023-01-19 18:11:00
358;2016;2023-01-19 18:11:00
359;2016;2023-01-19 18:11:00
360;2016;2023-01-19 18:11:00
361;2016;2023-01-19 18:11:00
362;2016;2023-01-19 18:11:00
363;2016;2023-01-19 18:11:00
364;2016;2023-01-19 18:11:00
365;2016;2023-01-19 18:11:00
366;2016;2023-01-19 18:11:00
367;2016;2023-01-19 18:11:00
368;2016;2023-01-19 18:11:00
369;2016;2023-01-19 18:11:00
370;2016;2023-01-19 18:11:00
371;2016;2023-01-19 18:11:00
372;2016;2023-01-19 18:11:00
373;2016;2023-01-19 18:11:00
374;2016;2023-01-19 18:11:00
375;2016;2023-01-19 18:11:00
376;2016;2023-01-19 18:11:00
377;2016;2023-01-19 18:11:00
378;2016;2023-01-19 18:11:00
379;2016;2023-01-19 18:11:00
380;2016;2023-01-19 18:11:00
381;2016;2023-01-19 18:11:00
382;2016;2023-01-19 18:11:00
383;2016;2023-01-19 18:11:00
384;2016;2023-01-19 18:11:00
385;2016;2023-01-19 18:11:00
386;2016;2023-01-19 18:11:00
387;2016;2023-01-19 18:11:00
388;2016;2023-01-19 18:11:00
389;2016;2023-01-19 18:11:00
390;2016;2023-01-19 18:11:00
391;2016;2023-01-19 18:11:00
392;2016;2023-01-19 18:11:00
393;2016;2023-01-19 18:11:00
394;2016;2023-01-19 18:11:00
395;2016;2023-01-19 18:11:00
396;2016;2023-01-19 18:11:00
397;2016;2023-01-19 18:11:00
398;2016;2023-01-19 18:11:00
399;2016;2023-01-19 18:11:00
400;2016;2023-01-19 18:11:00
401;2016;2023-01-19 18:11:00
402;2016;2023-01-19 18:11:00
403;2017;2023-01-19 18:11:00
404;2017;2023-01-19 18:11:00
405;2017;2023-01-19 18:11:00
406;2017;2023-01-19 18:11:00
407;2017;2023-01-19 18:11:00
408;2017;2023-01-19 18:11:00
409;2017;2023-01-19 18:11:00
410;2017;2023-01-19 18:11:00
411;2017;2023-01-19 18:11:00
412;2017;2023-01-19 18:11:00
413;2017;2023-01-19 18:11:00
414;2017;2023-01-19 18:11:00
415;2017;2023-01-19 18:11:00
416;2017;2023-01-19 18:11:00
417;2017;2023-01-19 18:11:00
418;2017;2023-01-19 18:11:00
419;2017;2023-01-19 18:11:00
420;2017;2023-01-19 18:11:00
421;2017;2023-01-19 18:11:00
422;2017;2023-01-19 18:11:00
423;2017;2023-01-19 18:11:00
424;2017;2023-01-19 18:11:00
425;2017;2023-01-19 18:11:00
426;2017;2023-01-19 18:11:00
427;2017;2023-01-19 18:11:00
428;2017;2023-01-19 18:11:00
429;2017;2023-01-19 18:11:00
430;2017;2023-01-19 18:11:00
431;2017;2023-01-19 18:11:00
432;2017;2023-01-19 18:11:00
433;2017;2023-01-19 18:11:00
434;2017;2023-01-19 18:11:00
435;2017;2023-01-19 18:11:00
436;2017;2023-01-19 18:11:00
437;2017;2023-01-19 18:11:00
438;2017;2023-01-19 18:11:00
439;2017;2023-01-19 18:11:00
440;2017;2023-01-19 18:11:00
441;2017;2023-01-19 18:11:00
442;2017;2023-01-19 18:11:00
443;2017;2023-01-19 18:11:00
444;2017;2023-01-19 18:11:00
445;2017;2023-01-19 18:11:00
446;2018;2023-01-19 18:11:00
447;2018;2023-01-19 18:11:00
448;2018;2023-01-19 18:11:00
449;2018;2023-01-19 18:11:00
450;2018;2023-01-19 18:11:00
451;2018;2023-01-19 18:11:00
452;2018;2023-01-19 18:11:00
453;2018;2023-01-19 18:11:00
454;2018;2023-01-19 18:11:00
455;2018;2023-01-19 18:11:00
456;2018;2023-01-19 18:11:00
457;2018;2023-01-19 18:11:00
458;2018;2023-01-19 18:11:00
459;2018;2023-01-19 18:11:00
460;2018;2023-01-19 18:11:00
461;2018;2023-01-19 18:11:00
462;2018;2023-01-19 18:11:00
463;2018;2023-01-19 18:11:00
464;2018;2023-01-19 18:11:00
465;2018;2023-01-19 18:11:00
466;2018;2023-01-19 18:11:00
467;2018;2023-01-19 18:11:00
468;2018;2023-01-19 18:11:00
469;2017;2023-01-19 18:11:00
470;2018;2023-01-19 18:11:00
471;2018;2023-01-19 18:11:00
472;2018;2023-01-19 18:11:00
473;2018;2023-01-19 18:11:00
474;2018;2023-01-19 18:11:00
475;2018;2023-01-19 18:11:00
476;2018;2023-01-19 18:11:00
477;2018;2023-01-19 18:11:00
478;2018;2023-01-19 18:11:00
479;2018;2023-01-19 18:11:00
480;2019;2023-01-19 18:11:00
481;2019;2023-01-19 18:11:00
482;2019;2023-01-19 18:11:00
483;2019;2023-01-19 18:11:00
484;2018;2023-01-19 18:11:00
485;2019;2023-01-19 18:11:00
486;2019;2023-01-19 18:11:00
487;2019;2023-01-19 18:11:00
488;2019;2023-01-19 18:11:00
489;2018;2023-01-19 18:11:00
490;2019;2023-01-19 18:11:00
491;2019;2023-01-19 18:11:00
492;2018;2023-01-19 18:11:00
493;2018;2023-01-19 18:11:00
494;2019;2023-01-19 18:11:00
495;2019;2023-01-19 18:11:00
496;2019;2023-01-19 18:11:00
497;2019;2023-01-19 18:11:00
498;2019;2023-01-19 18:11:00
499;2019;2023-01-19 18:11:00
500;2019;2023-01-19 18:11:00
501;2019;2023-01-19 18:11:00
502;2019;2023-01-19 18:11:00
503;2019;2023-01-19 18:11:00
504;2019;2023-01-19 18:11:00
505;2019;2023-01-19 18:11:00
506;2019;2023-01-19 18:11:00
507;2019;2023-01-19 18:11:00
508;2019;2023-01-19 18:11:00
509;2019;2023-01-19 18:11:00
510;2019;2023-01-19 18:11:00
511;2019;2023-01-19 18:11:00
512;2019;2023-01-19 18:11:00
513;2019;2023-01-19 18:11:00
514;2019;2023-01-19 18:11:00
515;2019;2023-01-19 18:11:00
516;2013;2023-01-19 18:11:00
517;2018;2023-01-19 18:11:00
518;2019;2023-01-19 18:11:00
519;2019;2023-01-19 18:11:00
1;2019;2023-01-19 18:11:00
2;2008;2023-01-19 18:11:00
3;2015;2023-01-19 18:11:00
4;2011;2023-01-19 18:11:00
5;2010;2023-01-19 18:11:00
6;2008;2023-01-19 18:11:00
7;2010;2023-01-19 18:11:00
8;2008;2023-01-19 18:11:00
9;2008;2023-01-19 18:11:00
10;2008;2023-01-19 18:11:00
11;2013;2023-01-19 18:11:00
12;2008;2023-01-19 18:11:00
13;2010;2023-01-19 18:11:00
14;2008;2023-01-19 18:11:00
15;2008;2023-01-19 18:11:00
16;2008;2023-01-19 18:11:00
17;2008;2023-01-19 18:11:00
18;2008;2023-01-19 18:11:00
19;2008;2023-01-19 18:11:00
20;2008;2023-01-19 18:11:00
21;2008;2023-01-19 18:11:00
22;2010;2023-01-19 18:11:00
23;2013;2023-01-19 18:11:00
24;2008;2023-01-19 18:11:00
25;2008;2023-01-19 18:11:00
26;2010;2023-01-19 18:11:00
27;2009;2023-01-19 18:11:00
28;2008;2023-01-19 18:11:00
29;2011;2023-01-19 18:11:00
30;2013;2023-01-19 18:11:00
31;2011;2023-01-19 18:11:00
32;2011;2023-01-19 18:11:00
33;2010;2023-01-19 18:11:00
34;2008;2023-01-19 18:11:00
35;2012;2023-01-19 18:11:00
36;2008;2023-01-19 18:11:00
37;2008;2023-01-19 18:11:00
38;2008;2023-01-19 18:11:00
39;2011;2023-01-19 18:11:00
40;2013;2023-01-19 18:11:00
41;2014;2023-01-19 18:11:00
42;2010;2023-01-19 18:11:00
43;2008;2023-01-19 18:11:00
44;2013;2023-01-19 18:11:00
45;2012;2023-01-19 18:11:00
46;2012;2023-01-19 18:11:00
47;2008;2023-01-19 18:11:00
48;2008;2023-01-19 18:11:00
49;2009;2023-01-19 18:11:00
50;2010;2023-01-19 18:11:00
51;2013;2023-01-19 18:11:00
52;2012;2023-01-19 18:11:00
53;2013;2023-01-19 18:11:00
54;2010;2023-01-19 18:11:00
55;2008;2023-01-19 18:11:00
56;2008;2023-01-19 18:11:00
57;2008;2023-01-19 18:11:00
58;2008;2023-01-19 18:11:00
59;2008;2023-01-19 18:11:00
60;2008;2023-01-19 18:11:00
61;2008;2023-01-19 18:11:00
62;2013;2023-01-19 18:11:00
63;2012;2023-01-19 18:11:00
64;2008;2023-01-19 18:11:00
65;2008;2023-01-19 18:11:00
66;2008;2023-01-19 18:11:00
67;2008;2023-01-19 18:11:00
68;2008;2023-01-19 18:11:00
69;2009;2023-01-19 18:11:00
70;2008;2023-01-19 18:11:00
71;2008;2023-01-19 18:11:00
72;2008;2023-01-19 18:11:00
73;2008;2023-01-19 18:11:00
74;2012;2023-01-19 18:11:00
75;2010;2023-01-19 18:11:00
76;2010;2023-01-19 18:11:00
77;2011;2023-01-19 18:11:00
78;2009;2023-01-19 18:11:00
79;2008;2023-01-19 18:11:00
80;2010;2023-01-19 18:11:00
81;2013;2023-01-19 18:11:00
82;2015;2023-01-19 18:11:00
83;2012;2023-01-19 18:11:00
84;2011;2023-01-19 18:11:00
85;2008;2023-01-19 18:11:00
86;2008;2023-01-19 18:11:00
87;2008;2023-01-19 18:11:00
88;2008;2023-01-19 18:11:00
89;2012;2023-01-19 18:11:00
90;2010;2023-01-19 18:11:00
91;2010;2023-01-19 18:11:00
92;2013;2023-01-19 18:11:00
93;2008;2023-01-19 18:11:00
94;2013;2023-01-19 18:11:00
95;2013;2023-01-19 18:11:00
96;2008;2023-01-19 18:11:00
97;2010;2023-01-19 18:11:00
98;2008;2023-01-19 18:11:00
99;2008;2023-01-19 18:11:00
100;2011;2023-01-19 18:11:00
101;2012;2023-01-19 18:11:00
102;2013;2023-01-19 18:11:00
103;2008;2023-01-19 18:11:00
104;2013;2023-01-19 18:11:00
105;2013;2023-01-19 18:11:00
106;2013;2023-01-19 18:11:00
107;2008;2023-01-19 18:11:00
108;2008;2023-01-19 18:11:00
109;2008;2023-01-19 18:11:00
110;2011;2023-01-19 18:11:00
111;2008;2023-01-19 18:11:00
112;2008;2023-01-19 18:11:00
113;2013;2023-01-19 18:11:00
114;2013;2023-01-19 18:11:00
115;2013;2023-01-19 18:11:00
116;2008;2023-01-19 18:11:00
117;2008;2023-01-19 18:11:00
118;2008;2023-01-19 18:11:00
119;2011;2023-01-19 18:11:00
120;2011;2023-01-19 18:11:00
121;2013;2023-01-19 18:11:00
122;2008;2023-01-19 18:11:00
123;2010;2023-01-19 18:11:00
124;2009;2023-01-19 18:11:00
125;2012;2023-01-19 18:11:00
126;2008;2023-01-19 18:11:00
127;2012;2023-01-19 18:11:00
128;2012;2023-01-19 18:11:00
129;2009;2023-01-19 18:11:00
130;2008;2023-01-19 18:11:00
131;2008;2023-01-19 18:11:00
132;2012;2023-01-19 18:11:00
133;2013;2023-01-19 18:11:00
134;2013;2023-01-19 18:11:00
135;2008;2023-01-19 18:11:00
136;2008;2023-01-19 18:11:00
137;2013;2023-01-19 18:11:00
138;2008;2023-01-19 18:11:00
139;2008;2023-01-19 18:11:00
140;2008;2023-01-19 18:11:00
141;2013;2023-01-19 18:11:00
142;2008;2023-01-19 18:11:00
143;2012;2023-01-19 18:11:00
144;2013;2023-01-19 18:11:00
145;2013;2023-01-19 18:11:00
146;2008;2023-01-19 18:11:00
147;2013;2023-01-19 18:11:00
148;2013;2023-01-19 18:11:00
149;2008;2023-01-19 18:11:00
150;2008;2023-01-19 18:11:00
151;2008;2023-01-19 18:11:00
152;2013;2023-01-19 18:11:00
153;2008;2023-01-19 18:11:00
154;2008;2023-01-19 18:11:00
155;2011;2023-01-19 18:11:00
156;2010;2023-01-19 18:11:00
157;2008;2023-01-19 18:11:00
158;2011;2023-01-19 18:11:00
159;2009;2023-01-19 18:11:00
160;2008;2023-01-19 18:11:00
161;2014;2023-01-19 18:11:00
162;2008;2023-01-19 18:11:00
163;2008;2023-01-19 18:11:00
164;2011;2023-01-19 18:11:00
165;2010;2023-01-19 18:11:00
166;2008;2023-01-19 18:11:00
167;2010;2023-01-19 18:11:00
168;2013;2023-01-19 18:11:00
169;2008;2023-01-19 18:11:00
170;2008;2023-01-19 18:11:00
171;2008;2023-01-19 18:11:00
172;2008;2023-01-19 18:11:00
173;2010;2023-01-19 18:11:00
174;2011;2023-01-19 18:11:00
175;2010;2023-01-19 18:11:00
176;2008;2023-01-19 18:11:00
177;2012;2023-01-19 18:11:00
178;2011;2023-01-19 18:11:00
179;2011;2023-01-19 18:11:00
180;2010;2023-01-19 18:11:00
181;2008;2023-01-19 18:11:00
182;2008;2023-01-19 18:11:00
183;2009;2023-01-19 18:11:00
184;2008;2023-01-19 18:11:00
185;2008;2023-01-19 18:11:00
186;2008;2023-01-19 18:11:00
187;2010;2023-01-19 18:11:00
188;2010;2023-01-19 18:11:00
189;2011;2023-01-19 18:11:00
190;2008;2023-01-19 18:11:00
191;2011;2023-01-19 18:11:00
192;2012;2023-01-19 18:11:00
193;2013;2023-01-19 18:11:00
194;2013;2023-01-19 18:11:00
195;2008;2023-01-19 18:11:00
196;2012;2023-01-19 18:11:00
197;2011;2023-01-19 18:11:00
198;2010;2023-01-19 18:11:00
199;2011;2023-01-19 18:11:00
200;2012;2023-01-19 18:11:00
201;2013;2023-01-19 18:11:00
202;2008;2023-01-19 18:11:00
203;2015;2023-01-19 18:11:00
204;2014;2023-01-19 18:11:00
205;2014;2023-01-19 18:11:00
206;2014;2023-01-19 18:11:00
207;2014;2023-01-19 18:11:00
208;2014;2023-01-19 18:11:00
209;2015;2023-01-19 18:11:00
210;2014;2023-01-19 18:11:00
211;2014;2023-01-19 18:11:00
212;2014;2023-01-19 18:11:00
213;2014;2023-01-19 18:11:00
214;2014;2023-01-19 18:11:00
215;2014;2023-01-19 18:11:00
216;2014;2023-01-19 18:11:00
217;2014;2023-01-19 18:11:00
218;2016;2023-01-19 18:11:00
219;2015;2023-01-19 18:11:00
220;2014;2023-01-19 18:11:00
221;2014;2023-01-19 18:11:00
222;2014;2023-01-19 18:11:00
223;2014;2023-01-19 18:11:00
224;2014;2023-01-19 18:11:00
225;2014;2023-01-19 18:11:00
226;2015;2023-01-19 18:11:00
227;2016;2023-01-19 18:11:00
228;2015;2023-01-19 18:11:00
229;2016;2023-01-19 18:11:00
230;2015;2023-01-19 18:11:00
231;2015;2023-01-19 18:11:00
232;2015;2023-01-19 18:11:00
233;2016;2023-01-19 18:11:00
234;2015;2023-01-19 18:11:00
235;2015;2023-01-19 18:11:00
236;2015;2023-01-19 18:11:00
237;2015;2023-01-19 18:11:00
238;2015;2023-01-19 18:11:00
239;2015;2023-01-19 18:11:00
240;2015;2023-01-19 18:11:00
241;2015;2023-01-19 18:11:00
242;2015;2023-01-19 18:11:00
243;2015;2023-01-19 18:11:00
244;2015;2023-01-19 18:11:00
245;2015;2023-01-19 18:11:00
246;2015;2023-01-19 18:11:00
247;2015;2023-01-19 18:11:00
248;2015;2023-01-19 18:11:00
249;2017;2023-01-19 18:11:00
250;2015;2023-01-19 18:11:00
251;2015;2023-01-19 18:11:00
252;2015;2023-01-19 18:11:00
253;2015;2023-01-19 18:11:00
254;2015;2023-01-19 18:11:00
255;2015;2023-01-19 18:11:00
256;2015;2023-01-19 18:11:00
257;2015;2023-01-19 18:11:00
258;2015;2023-01-19 18:11:00
259;2015;2023-01-19 18:11:00
260;2015;2023-01-19 18:11:00
261;2015;2023-01-19 18:11:00
262;2015;2023-01-19 18:11:00
263;2015;2023-01-19 18:11:00
264;2015;2023-01-19 18:11:00
265;2015;2023-01-19 18:11:00
266;2016;2023-01-19 18:11:00
267;2016;2023-01-19 18:11:00
268;2016;2023-01-19 18:11:00
269;2016;2023-01-19 18:11:00
270;2016;2023-01-19 18:11:00
271;2016;2023-01-19 18:11:00
272;2016;2023-01-19 18:11:00
273;2016;2023-01-19 18:11:00
274;2016;2023-01-19 18:11:00
275;2016;2023-01-19 18:11:00
276;2016;2023-01-19 18:11:00
277;2016;2023-01-19 18:11:00
278;2016;2023-01-19 18:11:00
279;2016;2023-01-19 18:11:00
280;2016;2023-01-19 18:11:00
281;2016;2023-01-19 18:11:00
282;2016;2023-01-19 18:11:00
283;2016;2023-01-19 18:11:00
284;2016;2023-01-19 18:11:00
285;2016;2023-01-19 18:11:00
286;2016;2023-01-19 18:11:00
287;2016;2023-01-19 18:11:00
288;2016;2023-01-19 18:11:00
289;2016;2023-01-19 18:11:00
290;2016;2023-01-19 18:11:00
291;2016;2023-01-19 18:11:00
292;2016;2023-01-19 18:11:00
293;2016;2023-01-19 18:11:00
294;2016;2023-01-19 18:11:00
295;2016;2023-01-19 18:11:00
296;2016;2023-01-19 18:11:00
297;2016;2023-01-19 18:11:00
298;2016;2023-01-19 18:11:00
299;2016;2023-01-19 18:11:00
300;2016;2023-01-19 18:11:00
301;2016;2023-01-19 18:11:00
302;2016;2023-01-19 18:11:00
303;2016;2023-01-19 18:11:00
304;2016;2023-01-19 18:11:00
305;2016;2023-01-19 18:11:00
306;2016;2023-01-19 18:11:00
307;2016;2023-01-19 18:11:00
308;2016;2023-01-19 18:11:00
309;2016;2023-01-19 18:11:00
310;2016;2023-01-19 18:11:00
311;2016;2023-01-19 18:11:00
312;2016;2023-01-19 18:11:00
313;2016;2023-01-19 18:11:00
314;2017;2023-01-19 18:11:00
315;2017;2023-01-19 18:11:00
316;2017;2023-01-19 18:11:00
317;2018;2023-01-19 18:11:00
318;2017;2023-01-19 18:11:00
319;2017;2023-01-19 18:11:00
320;2017;2023-01-19 18:11:00
321;2017;2023-01-19 18:11:00
322;2017;2023-01-19 18:11:00
323;2017;2023-01-19 18:11:00
324;2017;2023-01-19 18:11:00
325;2018;2023-01-19 18:11:00
326;2017;2023-01-19 18:11:00
327;2017;2023-01-19 18:11:00
328;2017;2023-01-19 18:11:00
329;2017;2023-01-19 18:11:00
330;2017;2023-01-19 18:11:00
331;2017;2023-01-19 18:11:00
332;2017;2023-01-19 18:11:00
333;2017;2023-01-19 18:11:00
334;2017;2023-01-19 18:11:00
335;2017;2023-01-19 18:11:00
336;2017;2023-01-19 18:11:00
337;2017;2023-01-19 18:11:00
338;2017;2023-01-19 18:11:00
339;2017;2023-01-19 18:11:00
340;2017;2023-01-19 18:11:00
341;2017;2023-01-19 18:11:00
342;2017;2023-01-19 18:11:00
343;2017;2023-01-19 18:11:00
344;2017;2023-01-19 18:11:00
345;2017;2023-01-19 18:11:00
346;2017;2023-01-19 18:11:00
347;2017;2023-01-19 18:11:00
348;2017;2023-01-19 18:11:00
349;2017;2023-01-19 18:11:00
350;2017;2023-01-19 18:11:00
351;2017;2023-01-19 18:11:00
352;2017;2023-01-19 18:11:00
353;2017;2023-01-19 18:11:00
354;2017;2023-01-19 18:11:00
355;2017;2023-01-19 18:11:00
356;2017;2023-01-19 18:11:00
357;2017;2023-01-19 18:11:00
358;2017;2023-01-19 18:11:00
359;2017;2023-01-19 18:11:00
360;2017;2023-01-19 18:11:00
361;2017;2023-01-19 18:11:00
362;2017;2023-01-19 18:11:00
363;2017;2023-01-19 18:11:00
364;2017;2023-01-19 18:11:00
365;2017;2023-01-19 18:11:00
366;2019;2023-01-19 18:11:00
367;2017;2023-01-19 18:11:00
368;2017;2023-01-19 18:11:00
369;2018;2023-01-19 18:11:00
370;2017;2023-01-19 18:11:00
371;2017;2023-01-19 18:11:00
372;2017;2023-01-19 18:11:00
373;2017;2023-01-19 18:11:00
374;2017;2023-01-19 18:11:00
375;2017;2023-01-19 18:11:00
376;2017;2023-01-19 18:11:00
377;2017;2023-01-19 18:11:00
378;2017;2023-01-19 18:11:00
379;2017;2023-01-19 18:11:00
380;2017;2023-01-19 18:11:00
381;2017;2023-01-19 18:11:00
382;2017;2023-01-19 18:11:00
383;2017;2023-01-19 18:11:00
384;2017;2023-01-19 18:11:00
385;2017;2023-01-19 18:11:00
386;2017;2023-01-19 18:11:00
387;2018;2023-01-19 18:11:00
388;2018;2023-01-19 18:11:00
389;2017;2023-01-19 18:11:00
390;2017;2023-01-19 18:11:00
391;2017;2023-01-19 18:11:00
392;2017;2023-01-19 18:11:00
393;2018;2023-01-19 18:11:00
394;2018;2023-01-19 18:11:00
395;2017;2023-01-19 18:11:00
396;2017;2023-01-19 18:11:00
397;2017;2023-01-19 18:11:00
398;2017;2023-01-19 18:11:00
399;2017;2023-01-19 18:11:00
400;2017;2023-01-19 18:11:00
401;2017;2023-01-19 18:11:00
402;2017;2023-01-19 18:11:00
403;2017;2023-01-19 18:11:00
404;2018;2023-01-19 18:11:00
405;2018;2023-01-19 18:11:00
406;2018;2023-01-19 18:11:00
407;2018;2023-01-19 18:11:00
408;2018;2023-01-19 18:11:00
409;2018;2023-01-19 18:11:00
410;2018;2023-01-19 18:11:00
411;2019;2023-01-19 18:11:00
412;2019;2023-01-19 18:11:00
413;2019;2023-01-19 18:11:00
414;2018;2023-01-19 18:11:00
415;2019;2023-01-19 18:11:00
416;2018;2023-01-19 18:11:00
417;2019;2023-01-19 18:11:00
418;2018;2023-01-19 18:11:00
419;2018;2023-01-19 18:11:00
420;2018;2023-01-19 18:11:00
421;2018;2023-01-19 18:11:00
422;2018;2023-01-19 18:11:00
423;2018;2023-01-19 18:11:00
424;2018;2023-01-19 18:11:00
425;2018;2023-01-19 18:11:00
426;2018;2023-01-19 18:11:00
427;2018;2023-01-19 18:11:00
428;2018;2023-01-19 18:11:00
429;2018;2023-01-19 18:11:00
430;2018;2023-01-19 18:11:00
431;2018;2023-01-19 18:11:00
432;2018;2023-01-19 18:11:00
433;2018;2023-01-19 18:11:00
434;2018;2023-01-19 18:11:00
435;2018;2023-01-19 18:11:00
436;2018;2023-01-19 18:11:00
437;2018;2023-01-19 18:11:00
438;2018;2023-01-19 18:11:00
439;2018;2023-01-19 18:11:00
440;2018;2023-01-19 18:11:00
441;2018;2023-01-19 18:11:00
442;2018;2023-01-19 18:11:00
443;2018;2023-01-19 18:11:00
444;2019;2023-01-19 18:11:00
445;2019;2023-01-19 18:11:00
446;2019;2023-01-19 18:11:00
447;2019;2023-01-19 18:11:00
448;2019;2023-01-19 18:11:00
449;2019;2023-01-19 18:11:00
450;2019;2023-01-19 18:11:00
451;2019;2023-01-19 18:11:00
452;2019;2023-01-19 18:11:00
453;2019;2023-01-19 18:11:00
454;2019;2023-01-19 18:11:00
455;2019;2023-01-19 18:11:00
456;2019;2023-01-19 18:11:00
457;2019;2023-01-19 18:11:00
458;2019;2023-01-19 18:11:00
459;2019;2023-01-19 18:11:00
460;2019;2023-01-19 18:11:00
461;2019;2023-01-19 18:11:00
462;2019;2023-01-19 18:11:00
463;2019;2023-01-19 18:11:00
464;2019;2023-01-19 18:11:00
465;2019;2023-01-19 18:11:00
466;2019;2023-01-19 18:11:00
467;2019;2023-01-19 18:11:00
468;2019;2023-01-19 18:11:00
469;2019;2023-01-19 18:11:00
470;2019;2023-01-19 18:11:00
471;2019;2023-01-19 18:11:00
472;2019;2023-01-19 18:11:00
473;2019;2023-01-19 18:11:00
474;2019;2023-01-19 18:11:00
475;2019;2023-01-19 18:11:00
476;2019;2023-01-19 18:11:00
477;2019;2023-01-19 18:11:00
478;2014;2023-01-19 18:11:00
479;2009;2023-01-19 18:11:00
480;2017;2023-01-19 18:11:00
481;2012;2023-01-19 18:11:00
482;2013;2023-01-19 18:11:00
483;2009;2023-01-19 18:11:00
484;2013;2023-01-19 18:11:00
485;2009;2023-01-19 18:11:00
486;2009;2023-01-19 18:11:00
487;2009;2023-01-19 18:11:00
488;2014;2023-01-19 18:11:00
489;2009;2023-01-19 18:11:00
490;2011;2023-01-19 18:11:00
491;2009;2023-01-19 18:11:00
492;2009;2023-01-19 18:11:00
493;2009;2023-01-19 18:11:00
494;2009;2023-01-19 18:11:00
495;2009;2023-01-19 18:11:00
496;2009;2023-01-19 18:11:00
497;2009;2023-01-19 18:11:00
498;2009;2023-01-19 18:11:00
499;2012;2023-01-19 18:11:00
500;2014;2023-01-19 18:11:00
501;2009;2023-01-19 18:11:00
502;2009;2023-01-19 18:11:00
503;2011;2023-01-19 18:11:00
504;2010;2023-01-19 18:11:00
505;2009;2023-01-19 18:11:00
506;2012;2023-01-19 18:11:00
507;2014;2023-01-19 18:11:00
508;2012;2023-01-19 18:11:00
509;2012;2023-01-19 18:11:00
510;2012;2023-01-19 18:11:00
511;2009;2023-01-19 18:11:00
512;2013;2023-01-19 18:11:00
513;2009;2023-01-19 18:11:00
514;2009;2023-01-19 18:11:00
515;2009;2023-01-19 18:11:00
516;2012;2023-01-19 18:11:00
517;2014;2023-01-19 18:11:00
518;2015;2023-01-19 18:11:00
519;2011;2023-01-19 18:11:00
1;2009;2023-01-19 18:11:00
2;2015;2023-01-19 18:11:00
3;2013;2023-01-19 18:11:00
4;2013;2023-01-19 18:11:00
5;2009;2023-01-19 18:11:00
6;2009;2023-01-19 18:11:00
7;2010;2023-01-19 18:11:00
8;2011;2023-01-19 18:11:00
9;2014;2023-01-19 18:11:00
10;2013;2023-01-19 18:11:00
11;2014;2023-01-19 18:11:00
12;2011;2023-01-19 18:11:00
13;2009;2023-01-19 18:11:00
14;2009;2023-01-19 18:11:00
15;2009;2023-01-19 18:11:00
16;2009;2023-01-19 18:11:00
17;2009;2023-01-19 18:11:00
18;2009;2023-01-19 18:11:00
19;2009;2023-01-19 18:11:00
20;2014;2023-01-19 18:11:00
21;2013;2023-01-19 18:11:00
22;2009;2023-01-19 18:11:00
23;2010;2023-01-19 18:11:00
24;2009;2023-01-19 18:11:00
25;2009;2023-01-19 18:11:00
26;2009;2023-01-19 18:11:00
27;2010;2023-01-19 18:11:00
28;2009;2023-01-19 18:11:00
29;2009;2023-01-19 18:11:00
30;2009;2023-01-19 18:11:00
31;2009;2023-01-19 18:11:00
32;2013;2023-01-19 18:11:00
33;2011;2023-01-19 18:11:00
34;2011;2023-01-19 18:11:00
35;2012;2023-01-19 18:11:00
36;2010;2023-01-19 18:11:00
37;2009;2023-01-19 18:11:00
38;2012;2023-01-19 18:11:00
39;2014;2023-01-19 18:11:00
40;2016;2023-01-19 18:11:00
41;2013;2023-01-19 18:11:00
42;2012;2023-01-19 18:11:00
43;2009;2023-01-19 18:11:00
44;2009;2023-01-19 18:11:00
45;2009;2023-01-19 18:11:00
46;2009;2023-01-19 18:11:00
47;2013;2023-01-19 18:11:00
48;2011;2023-01-19 18:11:00
49;2011;2023-01-19 18:11:00
50;2014;2023-01-19 18:11:00
51;2009;2023-01-19 18:11:00
52;2014;2023-01-19 18:11:00
53;2014;2023-01-19 18:11:00
54;2009;2023-01-19 18:11:00
55;2012;2023-01-19 18:11:00
56;2009;2023-01-19 18:11:00
57;2009;2023-01-19 18:11:00
58;2012;2023-01-19 18:11:00
59;2013;2023-01-19 18:11:00
60;2014;2023-01-19 18:11:00
61;2009;2023-01-19 18:11:00
62;2014;2023-01-19 18:11:00
63;2014;2023-01-19 18:11:00
64;2014;2023-01-19 18:11:00
65;2009;2023-01-19 18:11:00
66;2009;2023-01-19 18:11:00
67;2009;2023-01-19 18:11:00
68;2012;2023-01-19 18:11:00
69;2009;2023-01-19 18:11:00
70;2009;2023-01-19 18:11:00
71;2014;2023-01-19 18:11:00
72;2016;2023-01-19 18:11:00
73;2014;2023-01-19 18:11:00
74;2009;2023-01-19 18:11:00
75;2009;2023-01-19 18:11:00
76;2009;2023-01-19 18:11:00
77;2012;2023-01-19 18:11:00
78;2012;2023-01-19 18:11:00
79;2014;2023-01-19 18:11:00
80;2009;2023-01-19 18:11:00
81;2011;2023-01-19 18:11:00
82;2010;2023-01-19 18:11:00
83;2013;2023-01-19 18:11:00
84;2009;2023-01-19 18:11:00
85;2013;2023-01-19 18:11:00
86;2014;2023-01-19 18:11:00
87;2010;2023-01-19 18:11:00
88;2009;2023-01-19 18:11:00
89;2009;2023-01-19 18:11:00
90;2013;2023-01-19 18:11:00
91;2014;2023-01-19 18:11:00
92;2015;2023-01-19 18:11:00
93;2009;2023-01-19 18:11:00
94;2009;2023-01-19 18:11:00
95;2016;2023-01-19 18:11:00
96;2009;2023-01-19 18:11:00
97;2009;2023-01-19 18:11:00
98;2009;2023-01-19 18:11:00
99;2014;2023-01-19 18:11:00
100;2009;2023-01-19 18:11:00
101;2013;2023-01-19 18:11:00
102;2014;2023-01-19 18:11:00
103;2014;2023-01-19 18:11:00
104;2009;2023-01-19 18:11:00
105;2014;2023-01-19 18:11:00
106;2014;2023-01-19 18:11:00
107;2009;2023-01-19 18:11:00
108;2009;2023-01-19 18:11:00
109;2009;2023-01-19 18:11:00
110;2014;2023-01-19 18:11:00
111;2009;2023-01-19 18:11:00
112;2009;2023-01-19 18:11:00
113;2012;2023-01-19 18:11:00
114;2011;2023-01-19 18:11:00
115;2009;2023-01-19 18:11:00
116;2012;2023-01-19 18:11:00
117;2010;2023-01-19 18:11:00
118;2009;2023-01-19 18:11:00
119;2015;2023-01-19 18:11:00
120;2009;2023-01-19 18:11:00
121;2009;2023-01-19 18:11:00
122;2012;2023-01-19 18:11:00
123;2011;2023-01-19 18:11:00
124;2009;2023-01-19 18:11:00
125;2011;2023-01-19 18:11:00
126;2014;2023-01-19 18:11:00
127;2009;2023-01-19 18:11:00
128;2009;2023-01-19 18:11:00
129;2009;2023-01-19 18:11:00
130;2009;2023-01-19 18:11:00
131;2011;2023-01-19 18:11:00
132;2012;2023-01-19 18:11:00
133;2011;2023-01-19 18:11:00
134;2009;2023-01-19 18:11:00
135;2013;2023-01-19 18:11:00
136;2012;2023-01-19 18:11:00
137;2012;2023-01-19 18:11:00
138;2012;2023-01-19 18:11:00
139;2009;2023-01-19 18:11:00
140;2009;2023-01-19 18:11:00
141;2010;2023-01-19 18:11:00
142;2009;2023-01-19 18:11:00
143;2009;2023-01-19 18:11:00
144;2010;2023-01-19 18:11:00
145;2011;2023-01-19 18:11:00
146;2011;2023-01-19 18:11:00
147;2012;2023-01-19 18:11:00
148;2009;2023-01-19 18:11:00
149;2012;2023-01-19 18:11:00
150;2013;2023-01-19 18:11:00
151;2014;2023-01-19 18:11:00
152;2014;2023-01-19 18:11:00
153;2009;2023-01-19 18:11:00
154;2013;2023-01-19 18:11:00
155;2012;2023-01-19 18:11:00
156;2011;2023-01-19 18:11:00
157;2012;2023-01-19 18:11:00
158;2013;2023-01-19 18:11:00
159;2014;2023-01-19 18:11:00
160;2009;2023-01-19 18:11:00
161;2016;2023-01-19 18:11:00
162;2016;2023-01-19 18:11:00
163;2016;2023-01-19 18:11:00
164;2015;2023-01-19 18:11:00
165;2015;2023-01-19 18:11:00
166;2015;2023-01-19 18:11:00
167;2016;2023-01-19 18:11:00
168;2015;2023-01-19 18:11:00
169;2015;2023-01-19 18:11:00
170;2015;2023-01-19 18:11:00
171;2015;2023-01-19 18:11:00
172;2015;2023-01-19 18:11:00
173;2015;2023-01-19 18:11:00
174;2015;2023-01-19 18:11:00
175;2015;2023-01-19 18:11:00
176;2018;2023-01-19 18:11:00
177;2016;2023-01-19 18:11:00
178;2015;2023-01-19 18:11:00
179;2015;2023-01-19 18:11:00
180;2015;2023-01-19 18:11:00
181;2015;2023-01-19 18:11:00
182;2015;2023-01-19 18:11:00
183;2015;2023-01-19 18:11:00
184;2016;2023-01-19 18:11:00
185;2018;2023-01-19 18:11:00
186;2016;2023-01-19 18:11:00
187;2017;2023-01-19 18:11:00
188;2016;2023-01-19 18:11:00
189;2016;2023-01-19 18:11:00
190;2016;2023-01-19 18:11:00
191;2018;2023-01-19 18:11:00
192;2016;2023-01-19 18:11:00
193;2016;2023-01-19 18:11:00
194;2016;2023-01-19 18:11:00
195;2018;2023-01-19 18:11:00
196;2016;2023-01-19 18:11:00
197;2016;2023-01-19 18:11:00
198;2016;2023-01-19 18:11:00
199;2016;2023-01-19 18:11:00
200;2016;2023-01-19 18:11:00
201;2016;2023-01-19 18:11:00
202;2016;2023-01-19 18:11:00
203;2016;2023-01-19 18:11:00
204;2016;2023-01-19 18:11:00
205;2016;2023-01-19 18:11:00
206;2016;2023-01-19 18:11:00
207;2018;2023-01-19 18:11:00
208;2016;2023-01-19 18:11:00
209;2016;2023-01-19 18:11:00
210;2016;2023-01-19 18:11:00
211;2016;2023-01-19 18:11:00
212;2016;2023-01-19 18:11:00
213;2016;2023-01-19 18:11:00
214;2016;2023-01-19 18:11:00
215;2017;2023-01-19 18:11:00
216;2016;2023-01-19 18:11:00
217;2016;2023-01-19 18:11:00
218;2016;2023-01-19 18:11:00
219;2016;2023-01-19 18:11:00
220;2016;2023-01-19 18:11:00
221;2017;2023-01-19 18:11:00
222;2017;2023-01-19 18:11:00
223;2016;2023-01-19 18:11:00
224;2017;2023-01-19 18:11:00
225;2017;2023-01-19 18:11:00
226;2017;2023-01-19 18:11:00
227;2017;2023-01-19 18:11:00
228;2017;2023-01-19 18:11:00
229;2017;2023-01-19 18:11:00
230;2017;2023-01-19 18:11:00
231;2017;2023-01-19 18:11:00
232;2017;2023-01-19 18:11:00
233;2017;2023-01-19 18:11:00
234;2018;2023-01-19 18:11:00
235;2017;2023-01-19 18:11:00
236;2017;2023-01-19 18:11:00
237;2017;2023-01-19 18:11:00
238;2017;2023-01-19 18:11:00
239;2017;2023-01-19 18:11:00
240;2017;2023-01-19 18:11:00
241;2017;2023-01-19 18:11:00
242;2017;2023-01-19 18:11:00
243;2017;2023-01-19 18:11:00
244;2017;2023-01-19 18:11:00
245;2017;2023-01-19 18:11:00
246;2017;2023-01-19 18:11:00
247;2017;2023-01-19 18:11:00
248;2017;2023-01-19 18:11:00
249;2017;2023-01-19 18:11:00
250;2017;2023-01-19 18:11:00
251;2017;2023-01-19 18:11:00
252;2017;2023-01-19 18:11:00
253;2017;2023-01-19 18:11:00
254;2017;2023-01-19 18:11:00
255;2017;2023-01-19 18:11:00
256;2017;2023-01-19 18:11:00
257;2017;2023-01-19 18:11:00
258;2017;2023-01-19 18:11:00
259;2017;2023-01-19 18:11:00
260;2017;2023-01-19 18:11:00
261;2017;2023-01-19 18:11:00
262;2017;2023-01-19 18:11:00
263;2017;2023-01-19 18:11:00
264;2018;2023-01-19 18:11:00
265;2017;2023-01-19 18:11:00
266;2017;2023-01-19 18:11:00
267;2017;2023-01-19 18:11:00
268;2017;2023-01-19 18:11:00
269;2017;2023-01-19 18:11:00
270;2017;2023-01-19 18:11:00
271;2018;2023-01-19 18:11:00
272;2018;2023-01-19 18:11:00
273;2019;2023-01-19 18:11:00
274;2018;2023-01-19 18:11:00
275;2018;2023-01-19 18:11:00
276;2018;2023-01-19 18:11:00
277;2018;2023-01-19 18:11:00
278;2018;2023-01-19 18:11:00
279;2018;2023-01-19 18:11:00
280;2018;2023-01-19 18:11:00
281;2019;2023-01-19 18:11:00
282;2018;2023-01-19 18:11:00
283;2018;2023-01-19 18:11:00
284;2018;2023-01-19 18:11:00
285;2018;2023-01-19 18:11:00
286;2018;2023-01-19 18:11:00
287;2018;2023-01-19 18:11:00
288;2018;2023-01-19 18:11:00
289;2018;2023-01-19 18:11:00
290;2018;2023-01-19 18:11:00
291;2018;2023-01-19 18:11:00
292;2018;2023-01-19 18:11:00
293;2018;2023-01-19 18:11:00
294;2019;2023-01-19 18:11:00
295;2019;2023-01-19 18:11:00
296;2018;2023-01-19 18:11:00
297;2018;2023-01-19 18:11:00
298;2018;2023-01-19 18:11:00
299;2018;2023-01-19 18:11:00
300;2018;2023-01-19 18:11:00
301;2018;2023-01-19 18:11:00
302;2018;2023-01-19 18:11:00
303;2018;2023-01-19 18:11:00
304;2018;2023-01-19 18:11:00
305;2018;2023-01-19 18:11:00
306;2018;2023-01-19 18:11:00
307;2018;2023-01-19 18:11:00
308;2018;2023-01-19 18:11:00
309;2019;2023-01-19 18:11:00
310;2018;2023-01-19 18:11:00
311;2018;2023-01-19 18:11:00
312;2018;2023-01-19 18:11:00
313;2018;2023-01-19 18:11:00
314;2018;2023-01-19 18:11:00
315;2018;2023-01-19 18:11:00
316;2019;2023-01-19 18:11:00
317;2018;2023-01-19 18:11:00
318;2018;2023-01-19 18:11:00
319;2018;2023-01-19 18:11:00
320;2018;2023-01-19 18:11:00
321;2018;2023-01-19 18:11:00
322;2019;2023-01-19 18:11:00
323;2018;2023-01-19 18:11:00
324;2018;2023-01-19 18:11:00
325;2018;2023-01-19 18:11:00
326;2018;2023-01-19 18:11:00
327;2018;2023-01-19 18:11:00
328;2018;2023-01-19 18:11:00
329;2018;2023-01-19 18:11:00
330;2018;2023-01-19 18:11:00
331;2018;2023-01-19 18:11:00
332;2018;2023-01-19 18:11:00
333;2018;2023-01-19 18:11:00
334;2018;2023-01-19 18:11:00
335;2018;2023-01-19 18:11:00
336;2018;2023-01-19 18:11:00
337;2019;2023-01-19 18:11:00
338;2019;2023-01-19 18:11:00
339;2018;2023-01-19 18:11:00
340;2018;2023-01-19 18:11:00
341;2018;2023-01-19 18:11:00
342;2018;2023-01-19 18:11:00
343;2019;2023-01-19 18:11:00
344;2019;2023-01-19 18:11:00
345;2018;2023-01-19 18:11:00
346;2018;2023-01-19 18:11:00
347;2018;2023-01-19 18:11:00
348;2018;2023-01-19 18:11:00
349;2018;2023-01-19 18:11:00
350;2018;2023-01-19 18:11:00
351;2018;2023-01-19 18:11:00
352;2018;2023-01-19 18:11:00
353;2018;2023-01-19 18:11:00
354;2019;2023-01-19 18:11:00
355;2019;2023-01-19 18:11:00
356;2019;2023-01-19 18:11:00
357;2019;2023-01-19 18:11:00
358;2019;2023-01-19 18:11:00
359;2019;2023-01-19 18:11:00
360;2019;2023-01-19 18:11:00
361;2019;2023-01-19 18:11:00
362;2019;2023-01-19 18:11:00
363;2019;2023-01-19 18:11:00
364;2019;2023-01-19 18:11:00
365;2019;2023-01-19 18:11:00
366;2019;2023-01-19 18:11:00
367;2019;2023-01-19 18:11:00
368;2019;2023-01-19 18:11:00
369;2019;2023-01-19 18:11:00
370;2019;2023-01-19 18:11:00
371;2019;2023-01-19 18:11:00
372;2019;2023-01-19 18:11:00
373;2019;2023-01-19 18:11:00
374;2019;2023-01-19 18:11:00
375;2019;2023-01-19 18:11:00
376;2019;2023-01-19 18:11:00
377;2019;2023-01-19 18:11:00
378;2019;2023-01-19 18:11:00
379;2019;2023-01-19 18:11:00
380;2019;2023-01-19 18:11:00
381;2019;2023-01-19 18:11:00
382;2019;2023-01-19 18:11:00
383;2019;2023-01-19 18:11:00
384;2015;2023-01-19 18:11:00
385;2011;2023-01-19 18:11:00
386;2019;2023-01-19 18:11:00
387;2013;2023-01-19 18:11:00
388;2014;2023-01-19 18:11:00
389;2010;2023-01-19 18:11:00
390;2014;2023-01-19 18:11:00
391;2010;2023-01-19 18:11:00
392;2010;2023-01-19 18:11:00
393;2010;2023-01-19 18:11:00
394;2015;2023-01-19 18:11:00
395;2011;2023-01-19 18:11:00
396;2012;2023-01-19 18:11:00
397;2010;2023-01-19 18:11:00
398;2010;2023-01-19 18:11:00
399;2010;2023-01-19 18:11:00
400;2010;2023-01-19 18:11:00
401;2010;2023-01-19 18:11:00
402;2010;2023-01-19 18:11:00
403;2010;2023-01-19 18:11:00
404;2010;2023-01-19 18:11:00
405;2014;2023-01-19 18:11:00
406;2015;2023-01-19 18:11:00
407;2010;2023-01-19 18:11:00
408;2010;2023-01-19 18:11:00
409;2012;2023-01-19 18:11:00
410;2011;2023-01-19 18:11:00
411;2010;2023-01-19 18:11:00
412;2013;2023-01-19 18:11:00
413;2015;2023-01-19 18:11:00
414;2013;2023-01-19 18:11:00
415;2013;2023-01-19 18:11:00
416;2013;2023-01-19 18:11:00
417;2010;2023-01-19 18:11:00
418;2014;2023-01-19 18:11:00
419;2010;2023-01-19 18:11:00
420;2010;2023-01-19 18:11:00
421;2010;2023-01-19 18:11:00
422;2013;2023-01-19 18:11:00
423;2015;2023-01-19 18:11:00
424;2016;2023-01-19 18:11:00
425;2012;2023-01-19 18:11:00
426;2010;2023-01-19 18:11:00
427;2016;2023-01-19 18:11:00
428;2014;2023-01-19 18:11:00
429;2014;2023-01-19 18:11:00
430;2010;2023-01-19 18:11:00
431;2010;2023-01-19 18:11:00
432;2011;2023-01-19 18:11:00
433;2012;2023-01-19 18:11:00
434;2017;2023-01-19 18:11:00
435;2014;2023-01-19 18:11:00
436;2015;2023-01-19 18:11:00
437;2012;2023-01-19 18:11:00
438;2010;2023-01-19 18:11:00
439;2010;2023-01-19 18:11:00
440;2010;2023-01-19 18:11:00
441;2010;2023-01-19 18:11:00
442;2010;2023-01-19 18:11:00
443;2010;2023-01-19 18:11:00
444;2010;2023-01-19 18:11:00
445;2015;2023-01-19 18:11:00
446;2014;2023-01-19 18:11:00
447;2010;2023-01-19 18:11:00
448;2011;2023-01-19 18:11:00
449;2010;2023-01-19 18:11:00
450;2010;2023-01-19 18:11:00
451;2010;2023-01-19 18:11:00
452;2011;2023-01-19 18:11:00
453;2010;2023-01-19 18:11:00
454;2019;2023-01-19 18:11:00
455;2010;2023-01-19 18:11:00
456;2010;2023-01-19 18:11:00
457;2014;2023-01-19 18:11:00
458;2012;2023-01-19 18:11:00
459;2012;2023-01-19 18:11:00
460;2013;2023-01-19 18:11:00
461;2012;2023-01-19 18:11:00
462;2010;2023-01-19 18:11:00
463;2013;2023-01-19 18:11:00
464;2015;2023-01-19 18:11:00
465;2017;2023-01-19 18:11:00
466;2014;2023-01-19 18:11:00
467;2013;2023-01-19 18:11:00
468;2010;2023-01-19 18:11:00
469;2010;2023-01-19 18:11:00
470;2010;2023-01-19 18:11:00
471;2010;2023-01-19 18:11:00
472;2014;2023-01-19 18:11:00
473;2012;2023-01-19 18:11:00
474;2012;2023-01-19 18:11:00
475;2015;2023-01-19 18:11:00
476;2010;2023-01-19 18:11:00
477;2015;2023-01-19 18:11:00
478;2015;2023-01-19 18:11:00
479;2010;2023-01-19 18:11:00
480;2013;2023-01-19 18:11:00
481;2010;2023-01-19 18:11:00
482;2010;2023-01-19 18:11:00
483;2013;2023-01-19 18:11:00
484;2014;2023-01-19 18:11:00
485;2015;2023-01-19 18:11:00
486;2010;2023-01-19 18:11:00
487;2015;2023-01-19 18:11:00
488;2015;2023-01-19 18:11:00
489;2015;2023-01-19 18:11:00
490;2010;2023-01-19 18:11:00
491;2010;2023-01-19 18:11:00
492;2010;2023-01-19 18:11:00
493;2013;2023-01-19 18:11:00
494;2010;2023-01-19 18:11:00
495;2010;2023-01-19 18:11:00
496;2015;2023-01-19 18:11:00
497;2017;2023-01-19 18:11:00
498;2015;2023-01-19 18:11:00
499;2010;2023-01-19 18:11:00
500;2010;2023-01-19 18:11:00
501;2010;2023-01-19 18:11:00
502;2013;2023-01-19 18:11:00
503;2013;2023-01-19 18:11:00
504;2015;2023-01-19 18:11:00
505;2010;2023-01-19 18:11:00
506;2012;2023-01-19 18:11:00
507;2011;2023-01-19 18:11:00
508;2014;2023-01-19 18:11:00
509;2010;2023-01-19 18:11:00
510;2014;2023-01-19 18:11:00
511;2015;2023-01-19 18:11:00
512;2011;2023-01-19 18:11:00
513;2010;2023-01-19 18:11:00
514;2010;2023-01-19 18:11:00
515;2014;2023-01-19 18:11:00
516;2015;2023-01-19 18:11:00
517;2016;2023-01-19 18:11:00
518;2010;2023-01-19 18:11:00
519;2010;2023-01-19 18:11:00
1;2017;2023-01-19 18:11:00
2;2011;2023-01-19 18:11:00
3;2010;2023-01-19 18:11:00
4;2010;2023-01-19 18:11:00
5;2015;2023-01-19 18:11:00
6;2010;2023-01-19 18:11:00
7;2014;2023-01-19 18:11:00
8;2016;2023-01-19 18:11:00
9;2015;2023-01-19 18:11:00
10;2010;2023-01-19 18:11:00
11;2015;2023-01-19 18:11:00
12;2015;2023-01-19 18:11:00
13;2010;2023-01-19 18:11:00
14;2010;2023-01-19 18:11:00
15;2010;2023-01-19 18:11:00
16;2016;2023-01-19 18:11:00
17;2010;2023-01-19 18:11:00
18;2010;2023-01-19 18:11:00
19;2013;2023-01-19 18:11:00
20;2012;2023-01-19 18:11:00
21;2010;2023-01-19 18:11:00
22;2013;2023-01-19 18:11:00
23;2011;2023-01-19 18:11:00
24;2010;2023-01-19 18:11:00
25;2016;2023-01-19 18:11:00
26;2010;2023-01-19 18:11:00
27;2010;2023-01-19 18:11:00
28;2013;2023-01-19 18:11:00
29;2012;2023-01-19 18:11:00
30;2010;2023-01-19 18:11:00
31;2012;2023-01-19 18:11:00
32;2015;2023-01-19 18:11:00
33;2010;2023-01-19 18:11:00
34;2010;2023-01-19 18:11:00
35;2010;2023-01-19 18:11:00
36;2010;2023-01-19 18:11:00
37;2012;2023-01-19 18:11:00
38;2013;2023-01-19 18:11:00
39;2012;2023-01-19 18:11:00
40;2010;2023-01-19 18:11:00
41;2014;2023-01-19 18:11:00
42;2013;2023-01-19 18:11:00
43;2013;2023-01-19 18:11:00
44;2013;2023-01-19 18:11:00
45;2010;2023-01-19 18:11:00
46;2010;2023-01-19 18:11:00
47;2011;2023-01-19 18:11:00
48;2010;2023-01-19 18:11:00
49;2010;2023-01-19 18:11:00
50;2011;2023-01-19 18:11:00
51;2012;2023-01-19 18:11:00
52;2012;2023-01-19 18:11:00
53;2013;2023-01-19 18:11:00
54;2010;2023-01-19 18:11:00
55;2013;2023-01-19 18:11:00
56;2014;2023-01-19 18:11:00
57;2015;2023-01-19 18:11:00
58;2015;2023-01-19 18:11:00
59;2010;2023-01-19 18:11:00
60;2016;2023-01-19 18:11:00
61;2013;2023-01-19 18:11:00
62;2012;2023-01-19 18:11:00
63;2013;2023-01-19 18:11:00
64;2014;2023-01-19 18:11:00
65;2015;2023-01-19 18:11:00
66;2010;2023-01-19 18:11:00
67;2017;2023-01-19 18:11:00
68;2017;2023-01-19 18:11:00
69;2017;2023-01-19 18:11:00
70;2016;2023-01-19 18:11:00
71;2016;2023-01-19 18:11:00
72;2016;2023-01-19 18:11:00
73;2017;2023-01-19 18:11:00
74;2016;2023-01-19 18:11:00
75;2016;2023-01-19 18:11:00
76;2016;2023-01-19 18:11:00
77;2016;2023-01-19 18:11:00
78;2018;2023-01-19 18:11:00
79;2016;2023-01-19 18:11:00
80;2016;2023-01-19 18:11:00
81;2016;2023-01-19 18:11:00
82;2019;2023-01-19 18:11:00
83;2017;2023-01-19 18:11:00
84;2016;2023-01-19 18:11:00
85;2016;2023-01-19 18:11:00
86;2016;2023-01-19 18:11:00
87;2016;2023-01-19 18:11:00
88;2016;2023-01-19 18:11:00
89;2016;2023-01-19 18:11:00
90;2017;2023-01-19 18:11:00
91;2019;2023-01-19 18:11:00
92;2017;2023-01-19 18:11:00
93;2018;2023-01-19 18:11:00
94;2017;2023-01-19 18:11:00
95;2017;2023-01-19 18:11:00
96;2017;2023-01-19 18:11:00
97;2019;2023-01-19 18:11:00
98;2017;2023-01-19 18:11:00
99;2017;2023-01-19 18:11:00
100;2017;2023-01-19 18:11:00
101;2017;2023-01-19 18:11:00
102;2017;2023-01-19 18:11:00
103;2017;2023-01-19 18:11:00
104;2017;2023-01-19 18:11:00
105;2017;2023-01-19 18:11:00
106;2017;2023-01-19 18:11:00
107;2017;2023-01-19 18:11:00
108;2017;2023-01-19 18:11:00
109;2017;2023-01-19 18:11:00
110;2017;2023-01-19 18:11:00
111;2019;2023-01-19 18:11:00
112;2017;2023-01-19 18:11:00
113;2017;2023-01-19 18:11:00
114;2017;2023-01-19 18:11:00
115;2017;2023-01-19 18:11:00
116;2017;2023-01-19 18:11:00
117;2017;2023-01-19 18:11:00
118;2017;2023-01-19 18:11:00
119;2018;2023-01-19 18:11:00
120;2017;2023-01-19 18:11:00
121;2017;2023-01-19 18:11:00
122;2017;2023-01-19 18:11:00
123;2017;2023-01-19 18:11:00
124;2017;2023-01-19 18:11:00
125;2018;2023-01-19 18:11:00
126;2019;2023-01-19 18:11:00
127;2017;2023-01-19 18:11:00
128;2018;2023-01-19 18:11:00
129;2018;2023-01-19 18:11:00
130;2018;2023-01-19 18:11:00
131;2018;2023-01-19 18:11:00
132;2019;2023-01-19 18:11:00
133;2018;2023-01-19 18:11:00
134;2018;2023-01-19 18:11:00
135;2018;2023-01-19 18:11:00
136;2018;2023-01-19 18:11:00
137;2018;2023-01-19 18:11:00
138;2019;2023-01-19 18:11:00
139;2018;2023-01-19 18:11:00
140;2018;2023-01-19 18:11:00
141;2018;2023-01-19 18:11:00
142;2018;2023-01-19 18:11:00
143;2018;2023-01-19 18:11:00
144;2018;2023-01-19 18:11:00
145;2018;2023-01-19 18:11:00
146;2018;2023-01-19 18:11:00
147;2018;2023-01-19 18:11:00
148;2018;2023-01-19 18:11:00
149;2018;2023-01-19 18:11:00
150;2019;2023-01-19 18:11:00
151;2018;2023-01-19 18:11:00
152;2018;2023-01-19 18:11:00
153;2018;2023-01-19 18:11:00
154;2018;2023-01-19 18:11:00
155;2018;2023-01-19 18:11:00
156;2018;2023-01-19 18:11:00
157;2018;2023-01-19 18:11:00
158;2018;2023-01-19 18:11:00
159;2018;2023-01-19 18:11:00
160;2018;2023-01-19 18:11:00
161;2018;2023-01-19 18:11:00
162;2018;2023-01-19 18:11:00
163;2018;2023-01-19 18:11:00
164;2018;2023-01-19 18:11:00
165;2018;2023-01-19 18:11:00
166;2018;2023-01-19 18:11:00
167;2018;2023-01-19 18:11:00
168;2018;2023-01-19 18:11:00
169;2018;2023-01-19 18:11:00
170;2018;2023-01-19 18:11:00
171;2018;2023-01-19 18:11:00
172;2018;2023-01-19 18:11:00
173;2019;2023-01-19 18:11:00
174;2019;2023-01-19 18:11:00
175;2019;2023-01-19 18:11:00
176;2019;2023-01-19 18:11:00
177;2019;2023-01-19 18:11:00
178;2019;2023-01-19 18:11:00
179;2019;2023-01-19 18:11:00
180;2019;2023-01-19 18:11:00
181;2019;2023-01-19 18:11:00
182;2019;2023-01-19 18:11:00
183;2019;2023-01-19 18:11:00
184;2019;2023-01-19 18:11:00
185;2019;2023-01-19 18:11:00
186;2019;2023-01-19 18:11:00
187;2019;2023-01-19 18:11:00
188;2019;2023-01-19 18:11:00
189;2019;2023-01-19 18:11:00
190;2019;2023-01-19 18:11:00
191;2019;2023-01-19 18:11:00
192;2019;2023-01-19 18:11:00
193;2019;2023-01-19 18:11:00
194;2019;2023-01-19 18:11:00
195;2019;2023-01-19 18:11:00
196;2019;2023-01-19 18:11:00
197;2019;2023-01-19 18:11:00
198;2019;2023-01-19 18:11:00
199;2019;2023-01-19 18:11:00
200;2019;2023-01-19 18:11:00
201;2019;2023-01-19 18:11:00
202;2019;2023-01-19 18:11:00
203;2019;2023-01-19 18:11:00
204;2019;2023-01-19 18:11:00
205;2019;2023-01-19 18:11:00
206;2019;2023-01-19 18:11:00
207;2019;2023-01-19 18:11:00
208;2019;2023-01-19 18:11:00
209;2019;2023-01-19 18:11:00
210;2019;2023-01-19 18:11:00
211;2019;2023-01-19 18:11:00
212;2019;2023-01-19 18:11:00
213;2019;2023-01-19 18:11:00
214;2019;2023-01-19 18:11:00
215;2019;2023-01-19 18:11:00
216;2019;2023-01-19 18:11:00
217;2019;2023-01-19 18:11:00
218;2019;2023-01-19 18:11:00
219;2019;2023-01-19 18:11:00
220;2019;2023-01-19 18:11:00
221;2019;2023-01-19 18:11:00
222;2019;2023-01-19 18:11:00
223;2019;2023-01-19 18:11:00
224;2019;2023-01-19 18:11:00
225;2019;2023-01-19 18:11:00
226;2019;2023-01-19 18:11:00
227;2019;2023-01-19 18:11:00
228;2019;2023-01-19 18:11:00
229;2019;2023-01-19 18:11:00
230;2019;2023-01-19 18:11:00
231;2019;2023-01-19 18:11:00
232;2019;2023-01-19 18:11:00
233;2019;2023-01-19 18:11:00
234;2019;2023-01-19 18:11:00
235;2016;2023-01-19 18:11:00
236;2012;2023-01-19 18:11:00
237;2014;2023-01-19 18:11:00
238;2015;2023-01-19 18:11:00
239;2012;2023-01-19 18:11:00
240;2015;2023-01-19 18:11:00
241;2013;2023-01-19 18:11:00
242;2011;2023-01-19 18:11:00
243;2011;2023-01-19 18:11:00
244;2016;2023-01-19 18:11:00
245;2014;2023-01-19 18:11:00
246;2013;2023-01-19 18:11:00
247;2011;2023-01-19 18:11:00
248;2011;2023-01-19 18:11:00
249;2011;2023-01-19 18:11:00
250;2011;2023-01-19 18:11:00
251;2011;2023-01-19 18:11:00
252;2012;2023-01-19 18:11:00
253;2011;2023-01-19 18:11:00
254;2011;2023-01-19 18:11:00
255;2015;2023-01-19 18:11:00
256;2016;2023-01-19 18:11:00
257;2011;2023-01-19 18:11:00
258;2011;2023-01-19 18:11:00
259;2013;2023-01-19 18:11:00
260;2012;2023-01-19 18:11:00
261;2011;2023-01-19 18:11:00
262;2014;2023-01-19 18:11:00
263;2016;2023-01-19 18:11:00
264;2014;2023-01-19 18:11:00
265;2016;2023-01-19 18:11:00
266;2014;2023-01-19 18:11:00
267;2011;2023-01-19 18:11:00
268;2017;2023-01-19 18:11:00
269;2012;2023-01-19 18:11:00
270;2011;2023-01-19 18:11:00
271;2011;2023-01-19 18:11:00
272;2014;2023-01-19 18:11:00
273;2016;2023-01-19 18:11:00
274;2017;2023-01-19 18:11:00
275;2013;2023-01-19 18:11:00
276;2011;2023-01-19 18:11:00
277;2017;2023-01-19 18:11:00
278;2015;2023-01-19 18:11:00
279;2015;2023-01-19 18:11:00
280;2011;2023-01-19 18:11:00
281;2011;2023-01-19 18:11:00
282;2012;2023-01-19 18:11:00
283;2013;2023-01-19 18:11:00
284;2015;2023-01-19 18:11:00
285;2016;2023-01-19 18:11:00
286;2013;2023-01-19 18:11:00
287;2011;2023-01-19 18:11:00
288;2011;2023-01-19 18:11:00
289;2011;2023-01-19 18:11:00
290;2011;2023-01-19 18:11:00
291;2011;2023-01-19 18:11:00
292;2011;2023-01-19 18:11:00
293;2011;2023-01-19 18:11:00
294;2016;2023-01-19 18:11:00
295;2016;2023-01-19 18:11:00
296;2011;2023-01-19 18:11:00
297;2012;2023-01-19 18:11:00
298;2012;2023-01-19 18:11:00
299;2011;2023-01-19 18:11:00
300;2011;2023-01-19 18:11:00
301;2012;2023-01-19 18:11:00
302;2011;2023-01-19 18:11:00
303;2011;2023-01-19 18:11:00
304;2011;2023-01-19 18:11:00
305;2011;2023-01-19 18:11:00
306;2015;2023-01-19 18:11:00
307;2013;2023-01-19 18:11:00
308;2013;2023-01-19 18:11:00
309;2014;2023-01-19 18:11:00
310;2014;2023-01-19 18:11:00
311;2011;2023-01-19 18:11:00
312;2014;2023-01-19 18:11:00
313;2016;2023-01-19 18:11:00
314;2015;2023-01-19 18:11:00
315;2015;2023-01-19 18:11:00
316;2011;2023-01-19 18:11:00
317;2011;2023-01-19 18:11:00
318;2011;2023-01-19 18:11:00
319;2012;2023-01-19 18:11:00
320;2015;2023-01-19 18:11:00
321;2013;2023-01-19 18:11:00
322;2013;2023-01-19 18:11:00
323;2016;2023-01-19 18:11:00
324;2011;2023-01-19 18:11:00
325;2016;2023-01-19 18:11:00
326;2017;2023-01-19 18:11:00
327;2011;2023-01-19 18:11:00
328;2014;2023-01-19 18:11:00
329;2012;2023-01-19 18:11:00
330;2011;2023-01-19 18:11:00
331;2014;2023-01-19 18:11:00
332;2015;2023-01-19 18:11:00
333;2016;2023-01-19 18:11:00
334;2011;2023-01-19 18:11:00
335;2016;2023-01-19 18:11:00
336;2016;2023-01-19 18:11:00
337;2016;2023-01-19 18:11:00
338;2011;2023-01-19 18:11:00
339;2011;2023-01-19 18:11:00
340;2011;2023-01-19 18:11:00
341;2016;2023-01-19 18:11:00
342;2011;2023-01-19 18:11:00
343;2011;2023-01-19 18:11:00
344;2016;2023-01-19 18:11:00
345;2018;2023-01-19 18:11:00
346;2016;2023-01-19 18:11:00
347;2011;2023-01-19 18:11:00
348;2011;2023-01-19 18:11:00
349;2011;2023-01-19 18:11:00
350;2014;2023-01-19 18:11:00
351;2014;2023-01-19 18:11:00
352;2016;2023-01-19 18:11:00
353;2011;2023-01-19 18:11:00
354;2013;2023-01-19 18:11:00
355;2012;2023-01-19 18:11:00
356;2015;2023-01-19 18:11:00
357;2011;2023-01-19 18:11:00
358;2015;2023-01-19 18:11:00
359;2017;2023-01-19 18:11:00
360;2012;2023-01-19 18:11:00
361;2011;2023-01-19 18:11:00
362;2011;2023-01-19 18:11:00
363;2015;2023-01-19 18:11:00
364;2016;2023-01-19 18:11:00
365;2017;2023-01-19 18:11:00
366;2011;2023-01-19 18:11:00
367;2011;2023-01-19 18:11:00
368;2019;2023-01-19 18:11:00
369;2012;2023-01-19 18:11:00
370;2011;2023-01-19 18:11:00
371;2011;2023-01-19 18:11:00
372;2016;2023-01-19 18:11:00
373;2012;2023-01-19 18:11:00
374;2015;2023-01-19 18:11:00
375;2017;2023-01-19 18:11:00
376;2016;2023-01-19 18:11:00
377;2011;2023-01-19 18:11:00
378;2016;2023-01-19 18:11:00
379;2018;2023-01-19 18:11:00
380;2011;2023-01-19 18:11:00
381;2011;2023-01-19 18:11:00
382;2011;2023-01-19 18:11:00
383;2018;2023-01-19 18:11:00
384;2011;2023-01-19 18:11:00
385;2011;2023-01-19 18:11:00
386;2014;2023-01-19 18:11:00
387;2013;2023-01-19 18:11:00
388;2011;2023-01-19 18:11:00
389;2014;2023-01-19 18:11:00
390;2012;2023-01-19 18:11:00
391;2011;2023-01-19 18:11:00
392;2017;2023-01-19 18:11:00
393;2011;2023-01-19 18:11:00
394;2011;2023-01-19 18:11:00
395;2014;2023-01-19 18:11:00
396;2013;2023-01-19 18:11:00
397;2011;2023-01-19 18:11:00
398;2013;2023-01-19 18:11:00
399;2016;2023-01-19 18:11:00
400;2011;2023-01-19 18:11:00
401;2011;2023-01-19 18:11:00
402;2011;2023-01-19 18:11:00
403;2011;2023-01-19 18:11:00
404;2013;2023-01-19 18:11:00
405;2014;2023-01-19 18:11:00
406;2013;2023-01-19 18:11:00
407;2011;2023-01-19 18:11:00
408;2015;2023-01-19 18:11:00
409;2014;2023-01-19 18:11:00
410;2014;2023-01-19 18:11:00
411;2014;2023-01-19 18:11:00
412;2011;2023-01-19 18:11:00
413;2011;2023-01-19 18:11:00
414;2012;2023-01-19 18:11:00
415;2011;2023-01-19 18:11:00
416;2011;2023-01-19 18:11:00
417;2012;2023-01-19 18:11:00
418;2013;2023-01-19 18:11:00
419;2013;2023-01-19 18:11:00
420;2014;2023-01-19 18:11:00
421;2011;2023-01-19 18:11:00
422;2014;2023-01-19 18:11:00
423;2015;2023-01-19 18:11:00
424;2016;2023-01-19 18:11:00
425;2016;2023-01-19 18:11:00
426;2012;2023-01-19 18:11:00
427;2017;2023-01-19 18:11:00
428;2014;2023-01-19 18:11:00
429;2013;2023-01-19 18:11:00
430;2014;2023-01-19 18:11:00
431;2015;2023-01-19 18:11:00
432;2016;2023-01-19 18:11:00
433;2011;2023-01-19 18:11:00
434;2018;2023-01-19 18:11:00
435;2018;2023-01-19 18:11:00
436;2018;2023-01-19 18:11:00
437;2017;2023-01-19 18:11:00
438;2018;2023-01-19 18:11:00
439;2017;2023-01-19 18:11:00
440;2018;2023-01-19 18:11:00
441;2017;2023-01-19 18:11:00
442;2017;2023-01-19 18:11:00
443;2017;2023-01-19 18:11:00
444;2017;2023-01-19 18:11:00
445;2017;2023-01-19 18:11:00
446;2017;2023-01-19 18:11:00
447;2017;2023-01-19 18:11:00
448;2018;2023-01-19 18:11:00
449;2017;2023-01-19 18:11:00
450;2017;2023-01-19 18:11:00
451;2019;2023-01-19 18:11:00
452;2017;2023-01-19 18:11:00
453;2017;2023-01-19 18:11:00
454;2017;2023-01-19 18:11:00
455;2019;2023-01-19 18:11:00
456;2018;2023-01-19 18:11:00
457;2019;2023-01-19 18:11:00
458;2018;2023-01-19 18:11:00
459;2018;2023-01-19 18:11:00
460;2018;2023-01-19 18:11:00
461;2018;2023-01-19 18:11:00
462;2018;2023-01-19 18:11:00
463;2019;2023-01-19 18:11:00
464;2018;2023-01-19 18:11:00
465;2019;2023-01-19 18:11:00
466;2019;2023-01-19 18:11:00
467;2018;2023-01-19 18:11:00
468;2018;2023-01-19 18:11:00
469;2018;2023-01-19 18:11:00
470;2018;2023-01-19 18:11:00
471;2018;2023-01-19 18:11:00
472;2018;2023-01-19 18:11:00
473;2018;2023-01-19 18:11:00
474;2018;2023-01-19 18:11:00
475;2018;2023-01-19 18:11:00
476;2019;2023-01-19 18:11:00
477;2018;2023-01-19 18:11:00
478;2019;2023-01-19 18:11:00
479;2018;2023-01-19 18:11:00
480;2018;2023-01-19 18:11:00
481;2018;2023-01-19 18:11:00
482;2018;2023-01-19 18:11:00
483;2019;2023-01-19 18:11:00
484;2019;2023-01-19 18:11:00
485;2019;2023-01-19 18:11:00
486;2019;2023-01-19 18:11:00
487;2019;2023-01-19 18:11:00
488;2019;2023-01-19 18:11:00
489;2019;2023-01-19 18:11:00
490;2019;2023-01-19 18:11:00
491;2019;2023-01-19 18:11:00
492;2019;2023-01-19 18:11:00
493;2019;2023-01-19 18:11:00
494;2019;2023-01-19 18:11:00
495;2019;2023-01-19 18:11:00
496;2019;2023-01-19 18:11:00
497;2019;2023-01-19 18:11:00
498;2019;2023-01-19 18:11:00
499;2019;2023-01-19 18:11:00
500;2019;2023-01-19 18:11:00
501;2019;2023-01-19 18:11:00
502;2019;2023-01-19 18:11:00
503;2019;2023-01-19 18:11:00
504;2019;2023-01-19 18:11:00
505;2019;2023-01-19 18:11:00
506;2019;2023-01-19 18:11:00
507;2019;2023-01-19 18:11:00
508;2019;2023-01-19 18:11:00
509;2019;2023-01-19 18:11:00
510;2019;2023-01-19 18:11:00
511;2019;2023-01-19 18:11:00
512;2019;2023-01-19 18:11:00
513;2019;2023-01-19 18:11:00
514;2019;2023-01-19 18:11:00
515;2019;2023-01-19 18:11:00
516;2019;2023-01-19 18:11:00
517;2019;2023-01-19 18:11:00
518;2017;2023-01-19 18:11:00
519;2013;2023-01-19 18:11:00
1;2015;2023-01-19 18:11:00
2;2018;2023-01-19 18:11:00
3;2013;2023-01-19 18:11:00
4;2019;2023-01-19 18:11:00
5;2014;2023-01-19 18:11:00
6;2014;2023-01-19 18:11:00
7;2013;2023-01-19 18:11:00
8;2017;2023-01-19 18:11:00
9;2016;2023-01-19 18:11:00
10;2014;2023-01-19 18:11:00
11;2012;2023-01-19 18:11:00
12;2012;2023-01-19 18:11:00
13;2012;2023-01-19 18:11:00
14;2012;2023-01-19 18:11:00
15;2012;2023-01-19 18:11:00
16;2015;2023-01-19 18:11:00
17;2012;2023-01-19 18:11:00
18;2012;2023-01-19 18:11:00
19;2016;2023-01-19 18:11:00
20;2017;2023-01-19 18:11:00
21;2012;2023-01-19 18:11:00
22;2012;2023-01-19 18:11:00
23;2014;2023-01-19 18:11:00
24;2013;2023-01-19 18:11:00
25;2012;2023-01-19 18:11:00
26;2017;2023-01-19 18:11:00
27;2017;2023-01-19 18:11:00
28;2015;2023-01-19 18:11:00
29;2017;2023-01-19 18:11:00
30;2015;2023-01-19 18:11:00
31;2012;2023-01-19 18:11:00
32;2013;2023-01-19 18:11:00
33;2012;2023-01-19 18:11:00
34;2012;2023-01-19 18:11:00
35;2016;2023-01-19 18:11:00
36;2017;2023-01-19 18:11:00
37;2018;2023-01-19 18:11:00
38;2014;2023-01-19 18:11:00
39;2012;2023-01-19 18:11:00
40;2019;2023-01-19 18:11:00
41;2016;2023-01-19 18:11:00
42;2016;2023-01-19 18:11:00
43;2012;2023-01-19 18:11:00
44;2012;2023-01-19 18:11:00
45;2013;2023-01-19 18:11:00
46;2014;2023-01-19 18:11:00
47;2016;2023-01-19 18:11:00
48;2017;2023-01-19 18:11:00
49;2014;2023-01-19 18:11:00
50;2012;2023-01-19 18:11:00
51;2012;2023-01-19 18:11:00
52;2012;2023-01-19 18:11:00
53;2012;2023-01-19 18:11:00
54;2012;2023-01-19 18:11:00
55;2012;2023-01-19 18:11:00
56;2012;2023-01-19 18:11:00
57;2018;2023-01-19 18:11:00
58;2017;2023-01-19 18:11:00
59;2012;2023-01-19 18:11:00
60;2013;2023-01-19 18:11:00
61;2013;2023-01-19 18:11:00
62;2012;2023-01-19 18:11:00
63;2012;2023-01-19 18:11:00
64;2013;2023-01-19 18:11:00
65;2012;2023-01-19 18:11:00
66;2012;2023-01-19 18:11:00
67;2012;2023-01-19 18:11:00
68;2012;2023-01-19 18:11:00
69;2017;2023-01-19 18:11:00
70;2014;2023-01-19 18:11:00
71;2014;2023-01-19 18:11:00
72;2015;2023-01-19 18:11:00
73;2015;2023-01-19 18:11:00
74;2012;2023-01-19 18:11:00
75;2015;2023-01-19 18:11:00
76;2017;2023-01-19 18:11:00
77;2016;2023-01-19 18:11:00
78;2016;2023-01-19 18:11:00
79;2012;2023-01-19 18:11:00
80;2012;2023-01-19 18:11:00
81;2012;2023-01-19 18:11:00
82;2013;2023-01-19 18:11:00
83;2016;2023-01-19 18:11:00
84;2014;2023-01-19 18:11:00
85;2014;2023-01-19 18:11:00
86;2017;2023-01-19 18:11:00
87;2012;2023-01-19 18:11:00
88;2017;2023-01-19 18:11:00
89;2018;2023-01-19 18:11:00
90;2012;2023-01-19 18:11:00
91;2015;2023-01-19 18:11:00
92;2013;2023-01-19 18:11:00
93;2012;2023-01-19 18:11:00
94;2015;2023-01-19 18:11:00
95;2016;2023-01-19 18:11:00
96;2017;2023-01-19 18:11:00
97;2012;2023-01-19 18:11:00
98;2017;2023-01-19 18:11:00
99;2017;2023-01-19 18:11:00
100;2017;2023-01-19 18:11:00
101;2012;2023-01-19 18:11:00
102;2012;2023-01-19 18:11:00
103;2012;2023-01-19 18:11:00
104;2017;2023-01-19 18:11:00
105;2012;2023-01-19 18:11:00
106;2012;2023-01-19 18:11:00
107;2017;2023-01-19 18:11:00
108;2019;2023-01-19 18:11:00
109;2017;2023-01-19 18:11:00
110;2012;2023-01-19 18:11:00
111;2012;2023-01-19 18:11:00
112;2012;2023-01-19 18:11:00
113;2017;2023-01-19 18:11:00
114;2015;2023-01-19 18:11:00
115;2017;2023-01-19 18:11:00
116;2012;2023-01-19 18:11:00
117;2014;2023-01-19 18:11:00
118;2013;2023-01-19 18:11:00
119;2016;2023-01-19 18:11:00
120;2012;2023-01-19 18:11:00
121;2016;2023-01-19 18:11:00
122;2018;2023-01-19 18:11:00
123;2013;2023-01-19 18:11:00
124;2012;2023-01-19 18:11:00
125;2012;2023-01-19 18:11:00
126;2016;2023-01-19 18:11:00
127;2017;2023-01-19 18:11:00
128;2018;2023-01-19 18:11:00
129;2012;2023-01-19 18:11:00
130;2012;2023-01-19 18:11:00
131;2013;2023-01-19 18:11:00
132;2012;2023-01-19 18:11:00
133;2012;2023-01-19 18:11:00
134;2017;2023-01-19 18:11:00
135;2013;2023-01-19 18:11:00
136;2016;2023-01-19 18:11:00
137;2018;2023-01-19 18:11:00
138;2017;2023-01-19 18:11:00
139;2012;2023-01-19 18:11:00
140;2017;2023-01-19 18:11:00
141;2012;2023-01-19 18:11:00
142;2012;2023-01-19 18:11:00
143;2012;2023-01-19 18:11:00
144;2019;2023-01-19 18:11:00
145;2012;2023-01-19 18:11:00
146;2012;2023-01-19 18:11:00
147;2016;2023-01-19 18:11:00
148;2014;2023-01-19 18:11:00
149;2012;2023-01-19 18:11:00
150;2016;2023-01-19 18:11:00
151;2013;2023-01-19 18:11:00
152;2012;2023-01-19 18:11:00
153;2019;2023-01-19 18:11:00
154;2012;2023-01-19 18:11:00
155;2012;2023-01-19 18:11:00
156;2016;2023-01-19 18:11:00
157;2014;2023-01-19 18:11:00
158;2012;2023-01-19 18:11:00
159;2014;2023-01-19 18:11:00
160;2017;2023-01-19 18:11:00
161;2012;2023-01-19 18:11:00
162;2012;2023-01-19 18:11:00
163;2012;2023-01-19 18:11:00
164;2012;2023-01-19 18:11:00
165;2014;2023-01-19 18:11:00
166;2015;2023-01-19 18:11:00
167;2014;2023-01-19 18:11:00
168;2012;2023-01-19 18:11:00
169;2016;2023-01-19 18:11:00
170;2015;2023-01-19 18:11:00
171;2015;2023-01-19 18:11:00
172;2015;2023-01-19 18:11:00
173;2012;2023-01-19 18:11:00
174;2012;2023-01-19 18:11:00
175;2013;2023-01-19 18:11:00
176;2012;2023-01-19 18:11:00
177;2012;2023-01-19 18:11:00
178;2013;2023-01-19 18:11:00
179;2014;2023-01-19 18:11:00
180;2014;2023-01-19 18:11:00
181;2015;2023-01-19 18:11:00
182;2012;2023-01-19 18:11:00
183;2015;2023-01-19 18:11:00
184;2016;2023-01-19 18:11:00
185;2017;2023-01-19 18:11:00
186;2017;2023-01-19 18:11:00
187;2013;2023-01-19 18:11:00
188;2018;2023-01-19 18:11:00
189;2015;2023-01-19 18:11:00
190;2014;2023-01-19 18:11:00
191;2015;2023-01-19 18:11:00
192;2016;2023-01-19 18:11:00
193;2017;2023-01-19 18:11:00
194;2012;2023-01-19 18:11:00
195;2019;2023-01-19 18:11:00
196;2019;2023-01-19 18:11:00
197;2018;2023-01-19 18:11:00
198;2019;2023-01-19 18:11:00
199;2019;2023-01-19 18:11:00
200;2019;2023-01-19 18:11:00
201;2018;2023-01-19 18:11:00
202;2019;2023-01-19 18:11:00
203;2019;2023-01-19 18:11:00
204;2018;2023-01-19 18:11:00
205;2018;2023-01-19 18:11:00
206;2019;2023-01-19 18:11:00
207;2018;2023-01-19 18:11:00
208;2018;2023-01-19 18:11:00
209;2018;2023-01-19 18:11:00
210;2019;2023-01-19 18:11:00
211;2018;2023-01-19 18:11:00
212;2019;2023-01-19 18:11:00
213;2019;2023-01-19 18:11:00
214;2019;2023-01-19 18:11:00
215;2019;2023-01-19 18:11:00
216;2019;2023-01-19 18:11:00
217;2019;2023-01-19 18:11:00
218;2019;2023-01-19 18:11:00
219;2019;2023-01-19 18:11:00
220;2019;2023-01-19 18:11:00
221;2019;2023-01-19 18:11:00
222;2019;2023-01-19 18:11:00
223;2019;2023-01-19 18:11:00
224;2019;2023-01-19 18:11:00
225;2019;2023-01-19 18:11:00
226;2019;2023-01-19 18:11:00
227;2019;2023-01-19 18:11:00
228;2019;2023-01-19 18:11:00
229;2019;2023-01-19 18:11:00
230;2019;2023-01-19 18:11:00
231;2019;2023-01-19 18:11:00
232;2019;2023-01-19 18:11:00
233;2014;2023-01-19 18:11:00
234;2016;2023-01-19 18:11:00
235;2019;2023-01-19 18:11:00
236;2014;2023-01-19 18:11:00
237;2015;2023-01-19 18:11:00
238;2017;2023-01-19 18:11:00
239;2014;2023-01-19 18:11:00
240;2018;2023-01-19 18:11:00
241;2017;2023-01-19 18:11:00
242;2015;2023-01-19 18:11:00
243;2013;2023-01-19 18:11:00
244;2013;2023-01-19 18:11:00
245;2013;2023-01-19 18:11:00
246;2013;2023-01-19 18:11:00
247;2013;2023-01-19 18:11:00
248;2017;2023-01-19 18:11:00
249;2013;2023-01-19 18:11:00
250;2014;2023-01-19 18:11:00
251;2017;2023-01-19 18:11:00
252;2018;2023-01-19 18:11:00
253;2013;2023-01-19 18:11:00
254;2013;2023-01-19 18:11:00
255;2015;2023-01-19 18:11:00
256;2014;2023-01-19 18:11:00
257;2013;2023-01-19 18:11:00
258;2018;2023-01-19 18:11:00
259;2018;2023-01-19 18:11:00
260;2016;2023-01-19 18:11:00
261;2018;2023-01-19 18:11:00
262;2017;2023-01-19 18:11:00
263;2013;2023-01-19 18:11:00
264;2014;2023-01-19 18:11:00
265;2013;2023-01-19 18:11:00
266;2013;2023-01-19 18:11:00
267;2017;2023-01-19 18:11:00
268;2018;2023-01-19 18:11:00
269;2019;2023-01-19 18:11:00
270;2015;2023-01-19 18:11:00
271;2013;2023-01-19 18:11:00
272;2017;2023-01-19 18:11:00
273;2017;2023-01-19 18:11:00
274;2013;2023-01-19 18:11:00
275;2013;2023-01-19 18:11:00
276;2014;2023-01-19 18:11:00
277;2016;2023-01-19 18:11:00
278;2017;2023-01-19 18:11:00
279;2018;2023-01-19 18:11:00
280;2016;2023-01-19 18:11:00
281;2013;2023-01-19 18:11:00
282;2013;2023-01-19 18:11:00
283;2014;2023-01-19 18:11:00
284;2014;2023-01-19 18:11:00
285;2013;2023-01-19 18:11:00
286;2013;2023-01-19 18:11:00
287;2013;2023-01-19 18:11:00
288;2019;2023-01-19 18:11:00
289;2018;2023-01-19 18:11:00
290;2016;2023-01-19 18:11:00
291;2014;2023-01-19 18:11:00
292;2014;2023-01-19 18:11:00
293;2013;2023-01-19 18:11:00
294;2013;2023-01-19 18:11:00
295;2014;2023-01-19 18:11:00
296;2013;2023-01-19 18:11:00
297;2013;2023-01-19 18:11:00
298;2013;2023-01-19 18:11:00
299;2013;2023-01-19 18:11:00
300;2018;2023-01-19 18:11:00
301;2015;2023-01-19 18:11:00
302;2015;2023-01-19 18:11:00
303;2016;2023-01-19 18:11:00
304;2016;2023-01-19 18:11:00
305;2013;2023-01-19 18:11:00
306;2016;2023-01-19 18:11:00
307;2018;2023-01-19 18:11:00
308;2018;2023-01-19 18:11:00
309;2017;2023-01-19 18:11:00
310;2013;2023-01-19 18:11:00
311;2013;2023-01-19 18:11:00
312;2013;2023-01-19 18:11:00
313;2014;2023-01-19 18:11:00
314;2017;2023-01-19 18:11:00
315;2015;2023-01-19 18:11:00
316;2015;2023-01-19 18:11:00
317;2018;2023-01-19 18:11:00
318;2013;2023-01-19 18:11:00
319;2018;2023-01-19 18:11:00
320;2013;2023-01-19 18:11:00
321;2016;2023-01-19 18:11:00
322;2015;2023-01-19 18:11:00
323;2013;2023-01-19 18:11:00
324;2016;2023-01-19 18:11:00
325;2018;2023-01-19 18:11:00
326;2018;2023-01-19 18:11:00
327;2013;2023-01-19 18:11:00
328;2019;2023-01-19 18:11:00
329;2019;2023-01-19 18:11:00
330;2019;2023-01-19 18:11:00
331;2013;2023-01-19 18:11:00
332;2013;2023-01-19 18:11:00
333;2013;2023-01-19 18:11:00
334;2018;2023-01-19 18:11:00
335;2013;2023-01-19 18:11:00
336;2014;2023-01-19 18:11:00
337;2018;2023-01-19 18:11:00
338;2019;2023-01-19 18:11:00
339;2013;2023-01-19 18:11:00
340;2013;2023-01-19 18:11:00
341;2013;2023-01-19 18:11:00
342;2018;2023-01-19 18:11:00
343;2016;2023-01-19 18:11:00
344;2019;2023-01-19 18:11:00
345;2014;2023-01-19 18:11:00
346;2015;2023-01-19 18:11:00
347;2014;2023-01-19 18:11:00
348;2017;2023-01-19 18:11:00
349;2013;2023-01-19 18:11:00
350;2017;2023-01-19 18:11:00
351;2019;2023-01-19 18:11:00
352;2014;2023-01-19 18:11:00
353;2013;2023-01-19 18:11:00
354;2013;2023-01-19 18:11:00
355;2017;2023-01-19 18:11:00
356;2018;2023-01-19 18:11:00
357;2019;2023-01-19 18:11:00
358;2013;2023-01-19 18:11:00
359;2013;2023-01-19 18:11:00
360;2014;2023-01-19 18:11:00
361;2013;2023-01-19 18:11:00
362;2013;2023-01-19 18:11:00
363;2018;2023-01-19 18:11:00
364;2014;2023-01-19 18:11:00
365;2017;2023-01-19 18:11:00
366;2019;2023-01-19 18:11:00
367;2019;2023-01-19 18:11:00
368;2013;2023-01-19 18:11:00
369;2018;2023-01-19 18:11:00
370;2015;2023-01-19 18:11:00
371;2013;2023-01-19 18:11:00
372;2013;2023-01-19 18:11:00
373;2013;2023-01-19 18:11:00
374;2013;2023-01-19 18:11:00
375;2017;2023-01-19 18:11:00
376;2015;2023-01-19 18:11:00
377;2013;2023-01-19 18:11:00
378;2017;2023-01-19 18:11:00
379;2014;2023-01-19 18:11:00
380;2013;2023-01-19 18:11:00
381;2013;2023-01-19 18:11:00
382;2013;2023-01-19 18:11:00
383;2017;2023-01-19 18:11:00
384;2015;2023-01-19 18:11:00
385;2013;2023-01-19 18:11:00
386;2016;2023-01-19 18:11:00
387;2018;2023-01-19 18:11:00
388;2013;2023-01-19 18:11:00
389;2013;2023-01-19 18:11:00
390;2013;2023-01-19 18:11:00
391;2013;2023-01-19 18:11:00
392;2015;2023-01-19 18:11:00
393;2016;2023-01-19 18:11:00
394;2015;2023-01-19 18:11:00
395;2013;2023-01-19 18:11:00
396;2017;2023-01-19 18:11:00
397;2016;2023-01-19 18:11:00
398;2017;2023-01-19 18:11:00
399;2016;2023-01-19 18:11:00
400;2015;2023-01-19 18:11:00
401;2013;2023-01-19 18:11:00
402;2014;2023-01-19 18:11:00
403;2013;2023-01-19 18:11:00
404;2013;2023-01-19 18:11:00
405;2014;2023-01-19 18:11:00
406;2017;2023-01-19 18:11:00
407;2015;2023-01-19 18:11:00
408;2016;2023-01-19 18:11:00
409;2013;2023-01-19 18:11:00
410;2016;2023-01-19 18:11:00
411;2017;2023-01-19 18:11:00
412;2018;2023-01-19 18:11:00
413;2018;2023-01-19 18:11:00
414;2014;2023-01-19 18:11:00
415;2019;2023-01-19 18:11:00
416;2016;2023-01-19 18:11:00
417;2015;2023-01-19 18:11:00
418;2016;2023-01-19 18:11:00
419;2017;2023-01-19 18:11:00
420;2019;2023-01-19 18:11:00
421;2013;2023-01-19 18:11:00
422;2019;2023-01-19 18:11:00
423;2019;2023-01-19 18:11:00
424;2019;2023-01-19 18:11:00
425;2019;2023-01-19 18:11:00
426;2019;2023-01-19 18:11:00
427;2019;2023-01-19 18:11:00
428;2019;2023-01-19 18:11:00
429;2019;2023-01-19 18:11:00
430;2015;2023-01-19 18:11:00
431;2017;2023-01-19 18:11:00
432;2015;2023-01-19 18:11:00
433;2016;2023-01-19 18:11:00
434;2018;2023-01-19 18:11:00
435;2015;2023-01-19 18:11:00
436;2019;2023-01-19 18:11:00
437;2018;2023-01-19 18:11:00
438;2016;2023-01-19 18:11:00
439;2014;2023-01-19 18:11:00
440;2014;2023-01-19 18:11:00
441;2014;2023-01-19 18:11:00
442;2014;2023-01-19 18:11:00
443;2014;2023-01-19 18:11:00
444;2018;2023-01-19 18:11:00
445;2014;2023-01-19 18:11:00
446;2017;2023-01-19 18:11:00
447;2018;2023-01-19 18:11:00
448;2019;2023-01-19 18:11:00
449;2014;2023-01-19 18:11:00
450;2014;2023-01-19 18:11:00
451;2016;2023-01-19 18:11:00
452;2015;2023-01-19 18:11:00
453;2014;2023-01-19 18:11:00
454;2019;2023-01-19 18:11:00
455;2019;2023-01-19 18:11:00
456;2017;2023-01-19 18:11:00
457;2019;2023-01-19 18:11:00
458;2018;2023-01-19 18:11:00
459;2014;2023-01-19 18:11:00
460;2015;2023-01-19 18:11:00
461;2014;2023-01-19 18:11:00
462;2014;2023-01-19 18:11:00
463;2018;2023-01-19 18:11:00
464;2019;2023-01-19 18:11:00
465;2016;2023-01-19 18:11:00
466;2014;2023-01-19 18:11:00
467;2018;2023-01-19 18:11:00
468;2018;2023-01-19 18:11:00
469;2014;2023-01-19 18:11:00
470;2014;2023-01-19 18:11:00
471;2015;2023-01-19 18:11:00
472;2017;2023-01-19 18:11:00
473;2018;2023-01-19 18:11:00
474;2019;2023-01-19 18:11:00
475;2017;2023-01-19 18:11:00
476;2014;2023-01-19 18:11:00
477;2015;2023-01-19 18:11:00
478;2015;2023-01-19 18:11:00
479;2017;2023-01-19 18:11:00
480;2014;2023-01-19 18:11:00
481;2014;2023-01-19 18:11:00
482;2014;2023-01-19 18:11:00
483;2019;2023-01-19 18:11:00
484;2017;2023-01-19 18:11:00
485;2015;2023-01-19 18:11:00
486;2015;2023-01-19 18:11:00
487;2014;2023-01-19 18:11:00
488;2014;2023-01-19 18:11:00
489;2017;2023-01-19 18:11:00
490;2014;2023-01-19 18:11:00
491;2014;2023-01-19 18:11:00
492;2014;2023-01-19 18:11:00
493;2016;2023-01-19 18:11:00
494;2019;2023-01-19 18:11:00
495;2016;2023-01-19 18:11:00
496;2017;2023-01-19 18:11:00
497;2017;2023-01-19 18:11:00
498;2017;2023-01-19 18:11:00
499;2015;2023-01-19 18:11:00
500;2017;2023-01-19 18:11:00
501;2019;2023-01-19 18:11:00
502;2019;2023-01-19 18:11:00
503;2018;2023-01-19 18:11:00
504;2014;2023-01-19 18:11:00
505;2014;2023-01-19 18:11:00
506;2014;2023-01-19 18:11:00
507;2015;2023-01-19 18:11:00
508;2018;2023-01-19 18:11:00
509;2016;2023-01-19 18:11:00
510;2016;2023-01-19 18:11:00
511;2019;2023-01-19 18:11:00
512;2014;2023-01-19 18:11:00
513;2019;2023-01-19 18:11:00
514;2014;2023-01-19 18:11:00
515;2017;2023-01-19 18:11:00
516;2016;2023-01-19 18:11:00
517;2014;2023-01-19 18:11:00
518;2017;2023-01-19 18:11:00
519;2019;2023-01-19 18:11:00
1;2014;2023-01-19 18:11:00
2;2014;2023-01-19 18:11:00
3;2014;2023-01-19 18:11:00
4;2014;2023-01-19 18:11:00
5;2019;2023-01-19 18:11:00
6;2014;2023-01-19 18:11:00
7;2015;2023-01-19 18:11:00
8;2019;2023-01-19 18:11:00
9;2014;2023-01-19 18:11:00
10;2014;2023-01-19 18:11:00
11;2014;2023-01-19 18:11:00
12;2019;2023-01-19 18:11:00
13;2017;2023-01-19 18:11:00
14;2015;2023-01-19 18:11:00
15;2016;2023-01-19 18:11:00
16;2015;2023-01-19 18:11:00
17;2018;2023-01-19 18:11:00
18;2014;2023-01-19 18:11:00
19;2018;2023-01-19 18:11:00
20;2015;2023-01-19 18:11:00
21;2014;2023-01-19 18:11:00
22;2014;2023-01-19 18:11:00
23;2018;2023-01-19 18:11:00
24;2019;2023-01-19 18:11:00
25;2014;2023-01-19 18:11:00
26;2016;2023-01-19 18:11:00
27;2015;2023-01-19 18:11:00
28;2015;2023-01-19 18:11:00
29;2014;2023-01-19 18:11:00
30;2019;2023-01-19 18:11:00
31;2015;2023-01-19 18:11:00
32;2018;2023-01-19 18:11:00
33;2014;2023-01-19 18:11:00
34;2016;2023-01-19 18:11:00
35;2014;2023-01-19 18:11:00
36;2014;2023-01-19 18:11:00
37;2014;2023-01-19 18:11:00
38;2014;2023-01-19 18:11:00
39;2019;2023-01-19 18:11:00
40;2016;2023-01-19 18:11:00
41;2014;2023-01-19 18:11:00
42;2018;2023-01-19 18:11:00
43;2015;2023-01-19 18:11:00
44;2014;2023-01-19 18:11:00
45;2014;2023-01-19 18:11:00
46;2014;2023-01-19 18:11:00
47;2018;2023-01-19 18:11:00
48;2017;2023-01-19 18:11:00
49;2014;2023-01-19 18:11:00
50;2017;2023-01-19 18:11:00
51;2019;2023-01-19 18:11:00
52;2014;2023-01-19 18:11:00
53;2014;2023-01-19 18:11:00
54;2014;2023-01-19 18:11:00
55;2014;2023-01-19 18:11:00
56;2019;2023-01-19 18:11:00
57;2017;2023-01-19 18:11:00
58;2016;2023-01-19 18:11:00
59;2014;2023-01-19 18:11:00
60;2018;2023-01-19 18:11:00
61;2017;2023-01-19 18:11:00
62;2018;2023-01-19 18:11:00
63;2017;2023-01-19 18:11:00
64;2016;2023-01-19 18:11:00
65;2014;2023-01-19 18:11:00
66;2017;2023-01-19 18:11:00
67;2014;2023-01-19 18:11:00
68;2014;2023-01-19 18:11:00
69;2015;2023-01-19 18:11:00
70;2018;2023-01-19 18:11:00
71;2016;2023-01-19 18:11:00
72;2017;2023-01-19 18:11:00
73;2014;2023-01-19 18:11:00
74;2017;2023-01-19 18:11:00
75;2018;2023-01-19 18:11:00
76;2019;2023-01-19 18:11:00
77;2019;2023-01-19 18:11:00
78;2015;2023-01-19 18:11:00
79;2017;2023-01-19 18:11:00
80;2016;2023-01-19 18:11:00
81;2017;2023-01-19 18:11:00
82;2018;2023-01-19 18:11:00
83;2015;2023-01-19 18:11:00
84;2016;2023-01-19 18:11:00
85;2018;2023-01-19 18:11:00
86;2016;2023-01-19 18:11:00
87;2017;2023-01-19 18:11:00
88;2019;2023-01-19 18:11:00
89;2016;2023-01-19 18:11:00
90;2017;2023-01-19 18:11:00
91;2015;2023-01-19 18:11:00
92;2015;2023-01-19 18:11:00
93;2015;2023-01-19 18:11:00
94;2015;2023-01-19 18:11:00
95;2015;2023-01-19 18:11:00
96;2019;2023-01-19 18:11:00
97;2015;2023-01-19 18:11:00
98;2018;2023-01-19 18:11:00
99;2019;2023-01-19 18:11:00
100;2015;2023-01-19 18:11:00
101;2015;2023-01-19 18:11:00
102;2017;2023-01-19 18:11:00
103;2016;2023-01-19 18:11:00
104;2015;2023-01-19 18:11:00
105;2018;2023-01-19 18:11:00
106;2015;2023-01-19 18:11:00
107;2016;2023-01-19 18:11:00
108;2015;2023-01-19 18:11:00
109;2015;2023-01-19 18:11:00
110;2019;2023-01-19 18:11:00
111;2017;2023-01-19 18:11:00
112;2015;2023-01-19 18:11:00
113;2019;2023-01-19 18:11:00
114;2019;2023-01-19 18:11:00
115;2015;2023-01-19 18:11:00
116;2015;2023-01-19 18:11:00
117;2016;2023-01-19 18:11:00
118;2018;2023-01-19 18:11:00
119;2019;2023-01-19 18:11:00
120;2018;2023-01-19 18:11:00
121;2015;2023-01-19 18:11:00
122;2016;2023-01-19 18:11:00
123;2016;2023-01-19 18:11:00
124;2018;2023-01-19 18:11:00
125;2015;2023-01-19 18:11:00
126;2015;2023-01-19 18:11:00
127;2015;2023-01-19 18:11:00
128;2018;2023-01-19 18:11:00
129;2016;2023-01-19 18:11:00
130;2016;2023-01-19 18:11:00
131;2015;2023-01-19 18:11:00
132;2015;2023-01-19 18:11:00
133;2018;2023-01-19 18:11:00
134;2015;2023-01-19 18:11:00
135;2015;2023-01-19 18:11:00
136;2015;2023-01-19 18:11:00
137;2019;2023-01-19 18:11:00
138;2017;2023-01-19 18:11:00
139;2018;2023-01-19 18:11:00
140;2018;2023-01-19 18:11:00
141;2018;2023-01-19 18:11:00
142;2016;2023-01-19 18:11:00
143;2015;2023-01-19 18:11:00
144;2017;2023-01-19 18:11:00
145;2015;2023-01-19 18:11:00
146;2016;2023-01-19 18:11:00
147;2019;2023-01-19 18:11:00
148;2017;2023-01-19 18:11:00
149;2017;2023-01-19 18:11:00
150;2015;2023-01-19 18:11:00
151;2015;2023-01-19 18:11:00
152;2018;2023-01-19 18:11:00
153;2017;2023-01-19 18:11:00
154;2015;2023-01-19 18:11:00
155;2018;2023-01-19 18:11:00
156;2016;2023-01-19 18:11:00
157;2015;2023-01-19 18:11:00
158;2015;2023-01-19 18:11:00
159;2015;2023-01-19 18:11:00
160;2015;2023-01-19 18:11:00
161;2016;2023-01-19 18:11:00
162;2016;2023-01-19 18:11:00
163;2015;2023-01-19 18:11:00
164;2015;2023-01-19 18:11:00
165;2018;2023-01-19 18:11:00
166;2016;2023-01-19 18:11:00
167;2017;2023-01-19 18:11:00
168;2016;2023-01-19 18:11:00
169;2019;2023-01-19 18:11:00
170;2015;2023-01-19 18:11:00
171;2019;2023-01-19 18:11:00
172;2016;2023-01-19 18:11:00
173;2015;2023-01-19 18:11:00
174;2015;2023-01-19 18:11:00
175;2019;2023-01-19 18:11:00
176;2015;2023-01-19 18:11:00
177;2019;2023-01-19 18:11:00
178;2018;2023-01-19 18:11:00
179;2016;2023-01-19 18:11:00
180;2015;2023-01-19 18:11:00
181;2016;2023-01-19 18:11:00
182;2019;2023-01-19 18:11:00
183;2015;2023-01-19 18:11:00
184;2017;2023-01-19 18:11:00
185;2015;2023-01-19 18:11:00
186;2015;2023-01-19 18:11:00
187;2015;2023-01-19 18:11:00
188;2015;2023-01-19 18:11:00
189;2017;2023-01-19 18:11:00
190;2015;2023-01-19 18:11:00
191;2019;2023-01-19 18:11:00
192;2016;2023-01-19 18:11:00
193;2015;2023-01-19 18:11:00
194;2015;2023-01-19 18:11:00
195;2015;2023-01-19 18:11:00
196;2019;2023-01-19 18:11:00
197;2018;2023-01-19 18:11:00
198;2015;2023-01-19 18:11:00
199;2018;2023-01-19 18:11:00
200;2015;2023-01-19 18:11:00
201;2015;2023-01-19 18:11:00
202;2015;2023-01-19 18:11:00
203;2016;2023-01-19 18:11:00
204;2018;2023-01-19 18:11:00
205;2017;2023-01-19 18:11:00
206;2015;2023-01-19 18:11:00
207;2019;2023-01-19 18:11:00
208;2018;2023-01-19 18:11:00
209;2019;2023-01-19 18:11:00
210;2017;2023-01-19 18:11:00
211;2017;2023-01-19 18:11:00
212;2018;2023-01-19 18:11:00
213;2015;2023-01-19 18:11:00
214;2015;2023-01-19 18:11:00
215;2016;2023-01-19 18:11:00
216;2019;2023-01-19 18:11:00
217;2018;2023-01-19 18:11:00
218;2018;2023-01-19 18:11:00
219;2015;2023-01-19 18:11:00
220;2018;2023-01-19 18:11:00
221;2019;2023-01-19 18:11:00
222;2016;2023-01-19 18:11:00
223;2018;2023-01-19 18:11:00
224;2017;2023-01-19 18:11:00
225;2018;2023-01-19 18:11:00
226;2019;2023-01-19 18:11:00
227;2016;2023-01-19 18:11:00
228;2017;2023-01-19 18:11:00
229;2019;2023-01-19 18:11:00
230;2017;2023-01-19 18:11:00
231;2018;2023-01-19 18:11:00
232;2017;2023-01-19 18:11:00
233;2018;2023-01-19 18:11:00
234;2016;2023-01-19 18:11:00
235;2016;2023-01-19 18:11:00
236;2016;2023-01-19 18:11:00
237;2016;2023-01-19 18:11:00
238;2016;2023-01-19 18:11:00
239;2016;2023-01-19 18:11:00
240;2019;2023-01-19 18:11:00
241;2016;2023-01-19 18:11:00
242;2016;2023-01-19 18:11:00
243;2018;2023-01-19 18:11:00
244;2017;2023-01-19 18:11:00
245;2016;2023-01-19 18:11:00
246;2019;2023-01-19 18:11:00
247;2016;2023-01-19 18:11:00
248;2017;2023-01-19 18:11:00
249;2016;2023-01-19 18:11:00
250;2016;2023-01-19 18:11:00
251;2018;2023-01-19 18:11:00
252;2016;2023-01-19 18:11:00
253;2016;2023-01-19 18:11:00
254;2016;2023-01-19 18:11:00
255;2017;2023-01-19 18:11:00
256;2019;2023-01-19 18:11:00
257;2019;2023-01-19 18:11:00
258;2016;2023-01-19 18:11:00
259;2017;2023-01-19 18:11:00
260;2017;2023-01-19 18:11:00
261;2019;2023-01-19 18:11:00
262;2016;2023-01-19 18:11:00
263;2016;2023-01-19 18:11:00
264;2016;2023-01-19 18:11:00
265;2017;2023-01-19 18:11:00
266;2017;2023-01-19 18:11:00
267;2016;2023-01-19 18:11:00
268;2016;2023-01-19 18:11:00
269;2019;2023-01-19 18:11:00
270;2016;2023-01-19 18:11:00
271;2016;2023-01-19 18:11:00
272;2016;2023-01-19 18:11:00
273;2018;2023-01-19 18:11:00
274;2019;2023-01-19 18:11:00
275;2019;2023-01-19 18:11:00
276;2017;2023-01-19 18:11:00
277;2016;2023-01-19 18:11:00
278;2016;2023-01-19 18:11:00
279;2017;2023-01-19 18:11:00
280;2018;2023-01-19 18:11:00
281;2018;2023-01-19 18:11:00
282;2016;2023-01-19 18:11:00
283;2016;2023-01-19 18:11:00
284;2019;2023-01-19 18:11:00
285;2018;2023-01-19 18:11:00
286;2016;2023-01-19 18:11:00
287;2019;2023-01-19 18:11:00
288;2017;2023-01-19 18:11:00
289;2016;2023-01-19 18:11:00
290;2016;2023-01-19 18:11:00
291;2016;2023-01-19 18:11:00
292;2016;2023-01-19 18:11:00
293;2017;2023-01-19 18:11:00
294;2017;2023-01-19 18:11:00
295;2016;2023-01-19 18:11:00
296;2016;2023-01-19 18:11:00
297;2019;2023-01-19 18:11:00
298;2017;2023-01-19 18:11:00
299;2018;2023-01-19 18:11:00
300;2017;2023-01-19 18:11:00
301;2016;2023-01-19 18:11:00
302;2017;2023-01-19 18:11:00
303;2016;2023-01-19 18:11:00
304;2016;2023-01-19 18:11:00
305;2016;2023-01-19 18:11:00
306;2019;2023-01-19 18:11:00
307;2018;2023-01-19 18:11:00
308;2016;2023-01-19 18:11:00
309;2017;2023-01-19 18:11:00
310;2016;2023-01-19 18:11:00
311;2018;2023-01-19 18:11:00
312;2016;2023-01-19 18:11:00
313;2016;2023-01-19 18:11:00
314;2016;2023-01-19 18:11:00
315;2016;2023-01-19 18:11:00
316;2018;2023-01-19 18:11:00
317;2016;2023-01-19 18:11:00
318;2017;2023-01-19 18:11:00
319;2016;2023-01-19 18:11:00
320;2016;2023-01-19 18:11:00
321;2016;2023-01-19 18:11:00
322;2019;2023-01-19 18:11:00
323;2017;2023-01-19 18:11:00
324;2019;2023-01-19 18:11:00
325;2016;2023-01-19 18:11:00
326;2016;2023-01-19 18:11:00
327;2016;2023-01-19 18:11:00
328;2017;2023-01-19 18:11:00
329;2019;2023-01-19 18:11:00
330;2016;2023-01-19 18:11:00
331;2019;2023-01-19 18:11:00
332;2018;2023-01-19 18:11:00
333;2018;2023-01-19 18:11:00
334;2019;2023-01-19 18:11:00
335;2016;2023-01-19 18:11:00
336;2016;2023-01-19 18:11:00
337;2017;2023-01-19 18:11:00
338;2019;2023-01-19 18:11:00
339;2019;2023-01-19 18:11:00
340;2016;2023-01-19 18:11:00
341;2019;2023-01-19 18:11:00
342;2017;2023-01-19 18:11:00
343;2019;2023-01-19 18:11:00
344;2018;2023-01-19 18:11:00
345;2019;2023-01-19 18:11:00
346;2018;2023-01-19 18:11:00
347;2018;2023-01-19 18:11:00
348;2018;2023-01-19 18:11:00
349;2019;2023-01-19 18:11:00
350;2018;2023-01-19 18:11:00
351;2019;2023-01-19 18:11:00
352;2017;2023-01-19 18:11:00
353;2017;2023-01-19 18:11:00
354;2017;2023-01-19 18:11:00
355;2017;2023-01-19 18:11:00
356;2017;2023-01-19 18:11:00
357;2017;2023-01-19 18:11:00
358;2017;2023-01-19 18:11:00
359;2017;2023-01-19 18:11:00
360;2019;2023-01-19 18:11:00
361;2018;2023-01-19 18:11:00
362;2017;2023-01-19 18:11:00
363;2017;2023-01-19 18:11:00
364;2018;2023-01-19 18:11:00
365;2017;2023-01-19 18:11:00
366;2017;2023-01-19 18:11:00
367;2019;2023-01-19 18:11:00
368;2017;2023-01-19 18:11:00
369;2017;2023-01-19 18:11:00
370;2017;2023-01-19 18:11:00
371;2018;2023-01-19 18:11:00
372;2017;2023-01-19 18:11:00
373;2018;2023-01-19 18:11:00
374;2018;2023-01-19 18:11:00
375;2017;2023-01-19 18:11:00
376;2017;2023-01-19 18:11:00
377;2017;2023-01-19 18:11:00
378;2018;2023-01-19 18:11:00
379;2018;2023-01-19 18:11:00
380;2017;2023-01-19 18:11:00
381;2017;2023-01-19 18:11:00
382;2017;2023-01-19 18:11:00
383;2017;2023-01-19 18:11:00
384;2017;2023-01-19 18:11:00
385;2019;2023-01-19 18:11:00
386;2018;2023-01-19 18:11:00
387;2017;2023-01-19 18:11:00
388;2017;2023-01-19 18:11:00
389;2018;2023-01-19 18:11:00
390;2019;2023-01-19 18:11:00
391;2019;2023-01-19 18:11:00
392;2017;2023-01-19 18:11:00
393;2017;2023-01-19 18:11:00
394;2019;2023-01-19 18:11:00
395;2017;2023-01-19 18:11:00
396;2018;2023-01-19 18:11:00
397;2017;2023-01-19 18:11:00
398;2017;2023-01-19 18:11:00
399;2017;2023-01-19 18:11:00
400;2017;2023-01-19 18:11:00
401;2018;2023-01-19 18:11:00
402;2018;2023-01-19 18:11:00
403;2017;2023-01-19 18:11:00
404;2017;2023-01-19 18:11:00
405;2018;2023-01-19 18:11:00
406;2019;2023-01-19 18:11:00
407;2018;2023-01-19 18:11:00
408;2017;2023-01-19 18:11:00
409;2018;2023-01-19 18:11:00
410;2017;2023-01-19 18:11:00
411;2017;2023-01-19 18:11:00
412;2017;2023-01-19 18:11:00
413;2019;2023-01-19 18:11:00
414;2017;2023-01-19 18:11:00
415;2018;2023-01-19 18:11:00
416;2017;2023-01-19 18:11:00
417;2019;2023-01-19 18:11:00
418;2017;2023-01-19 18:11:00
419;2017;2023-01-19 18:11:00
420;2017;2023-01-19 18:11:00
421;2017;2023-01-19 18:11:00
422;2019;2023-01-19 18:11:00
423;2017;2023-01-19 18:11:00
424;2018;2023-01-19 18:11:00
425;2017;2023-01-19 18:11:00
426;2017;2023-01-19 18:11:00
427;2017;2023-01-19 18:11:00
428;2018;2023-01-19 18:11:00
429;2017;2023-01-19 18:11:00
430;2017;2023-01-19 18:11:00
431;2017;2023-01-19 18:11:00
432;2018;2023-01-19 18:11:00
433;2017;2023-01-19 18:11:00
434;2019;2023-01-19 18:11:00
435;2017;2023-01-19 18:11:00
436;2017;2023-01-19 18:11:00
437;2018;2023-01-19 18:11:00
438;2017;2023-01-19 18:11:00
439;2018;2023-01-19 18:11:00
440;2019;2023-01-19 18:11:00
441;2019;2023-01-19 18:11:00
442;2019;2023-01-19 18:11:00
443;2019;2023-01-19 18:11:00
444;2019;2023-01-19 18:11:00
445;2018;2023-01-19 18:11:00
446;2018;2023-01-19 18:11:00
447;2018;2023-01-19 18:11:00
448;2018;2023-01-19 18:11:00
449;2018;2023-01-19 18:11:00
450;2018;2023-01-19 18:11:00
451;2018;2023-01-19 18:11:00
452;2018;2023-01-19 18:11:00
453;2019;2023-01-19 18:11:00
454;2018;2023-01-19 18:11:00
455;2018;2023-01-19 18:11:00
456;2019;2023-01-19 18:11:00
457;2018;2023-01-19 18:11:00
458;2018;2023-01-19 18:11:00
459;2018;2023-01-19 18:11:00
460;2018;2023-01-19 18:11:00
461;2018;2023-01-19 18:11:00
462;2019;2023-01-19 18:11:00
463;2018;2023-01-19 18:11:00
464;2019;2023-01-19 18:11:00
465;2019;2023-01-19 18:11:00
466;2018;2023-01-19 18:11:00
467;2018;2023-01-19 18:11:00
468;2018;2023-01-19 18:11:00
469;2019;2023-01-19 18:11:00
470;2019;2023-01-19 18:11:00
471;2018;2023-01-19 18:11:00
472;2018;2023-01-19 18:11:00
473;2018;2023-01-19 18:11:00
474;2018;2023-01-19 18:11:00
475;2018;2023-01-19 18:11:00
476;2019;2023-01-19 18:11:00
477;2018;2023-01-19 18:11:00
478;2018;2023-01-19 18:11:00
479;2019;2023-01-19 18:11:00
480;2018;2023-01-19 18:11:00
481;2018;2023-01-19 18:11:00
482;2018;2023-01-19 18:11:00
483;2019;2023-01-19 18:11:00
484;2018;2023-01-19 18:11:00
485;2018;2023-01-19 18:11:00
486;2018;2023-01-19 18:11:00
487;2018;2023-01-19 18:11:00
488;2019;2023-01-19 18:11:00
489;2019;2023-01-19 18:11:00
490;2018;2023-01-19 18:11:00
491;2018;2023-01-19 18:11:00
492;2019;2023-01-19 18:11:00
493;2018;2023-01-19 18:11:00
494;2019;2023-01-19 18:11:00
495;2018;2023-01-19 18:11:00
496;2018;2023-01-19 18:11:00
497;2018;2023-01-19 18:11:00
498;2018;2023-01-19 18:11:00
499;2019;2023-01-19 18:11:00
500;2018;2023-01-19 18:11:00
501;2018;2023-01-19 18:11:00
502;2018;2023-01-19 18:11:00
503;2018;2023-01-19 18:11:00
504;2018;2023-01-19 18:11:00
505;2019;2023-01-19 18:11:00
506;2019;2023-01-19 18:11:00
507;2018;2023-01-19 18:11:00
508;2018;2023-01-19 18:11:00
509;2018;2023-01-19 18:11:00
510;2019;2023-01-19 18:11:00
511;2018;2023-01-19 18:11:00
512;2018;2023-01-19 18:11:00
513;2018;2023-01-19 18:11:00
514;2019;2023-01-19 18:11:00
515;2018;2023-01-19 18:11:00
516;2018;2023-01-19 18:11:00
517;2018;2023-01-19 18:11:00
518;2019;2023-01-19 18:11:00
519;2018;2023-01-19 18:11:00
1;2019;2023-01-19 18:11:00
2;2019;2023-01-19 18:11:00
3;2019;2023-01-19 18:11:00
4;2019;2023-01-19 18:11:00
5;2019;2023-01-19 18:11:00
6;2019;2023-01-19 18:11:00
7;2019;2023-01-19 18:11:00
8;2019;2023-01-19 18:11:00
9;2019;2023-01-19 18:11:00
10;2019;2023-01-19 18:11:00
11;2019;2023-01-19 18:11:00
12;2019;2023-01-19 18:11:00
13;2019;2023-01-19 18:11:00
14;2019;2023-01-19 18:11:00
15;2019;2023-01-19 18:11:00
16;2019;2023-01-19 18:11:00
17;2019;2023-01-19 18:11:00
18;2019;2023-01-19 18:11:00
19;2019;2023-01-19 18:11:00
20;2019;2023-01-19 18:11:00
21;2019;2023-01-19 18:11:00
22;2019;2023-01-19 18:11:00
23;2019;2023-01-19 18:11:00
24;2019;2023-01-19 18:11:00
25;2019;2023-01-19 18:11:00
26;2019;2023-01-19 18:11:00
27;2019;2023-01-19 18:11:00
28;2019;2023-01-19 18:11:00
29;2019;2023-01-19 18:11:00
30;2019;2023-01-19 18:11:00
31;2019;2023-01-19 18:11:00
32;2019;2023-01-19 18:11:00
33;2019;2023-01-19 18:11:00
34;2019;2023-01-19 18:11:00
35;2019;2023-01-19 18:11:00
36;2019;2023-01-19 18:11:00
37;2019;2023-01-19 18:11:00
38;2019;2023-01-19 18:11:00
39;2019;2023-01-19 18:11:00
40;2019;2023-01-19 18:11:00
41;2019;2023-01-19 18:11:00
42;2019;2023-01-19 18:11:00
43;2019;2023-01-19 18:11:00
44;2019;2023-01-19 18:11:00
45;2019;2023-01-19 18:11:00
46;2019;2023-01-19 18:11:00
47;2019;2023-01-19 18:11:00
48;2019;2023-01-19 18:11:00
49;2019;2023-01-19 18:11:00
