1;2019;2023-03-20 13:00:00
2;2019;2023-03-20 13:00:00
13;2018;2023-03-20 13:00:00
24;2019;2023-03-20 13:00:00
25;2019;2023-03-20 13:00:00
39;2013;2023-03-20 13:00:00
41;2019;2023-03-20 13:00:00
44;2019;2023-03-20 13:00:00
47;2019;2023-03-20 13:00:00
54;2019;2023-03-20 13:00:00
63;2019;2023-03-20 13:00:00
74;2018;2023-03-20 13:00:00
75;2018;2023-03-20 13:00:00
80;2019;2023-03-20 13:00:00
89;2019;2023-03-20 13:00:00
91;2019;2023-03-20 13:00:00
102;2019;2023-03-20 13:00:00
103;2019;2023-03-20 13:00:00
108;2019;2023-03-20 13:00:00
109;2019;2023-03-20 13:00:00
114;2019;2023-03-20 13:00:00
120;2019;2023-03-20 13:00:00
125;2019;2023-03-20 13:00:00
126;2017;2023-03-20 13:00:00
129;2019;2023-03-20 13:00:00
133;2018;2023-03-20 13:00:00
134;2019;2023-03-20 13:00:00
150;2019;2023-03-20 13:00:00
157;2019;2023-03-20 13:00:00
160;2018;2023-03-20 13:00:00
160;2019;2023-03-20 13:00:00
163;2017;2023-03-20 13:00:00
170;2019;2023-03-20 13:00:00
173;2019;2023-03-20 13:00:00
180;2018;2023-03-20 13:00:00
190;2018;2023-03-20 13:00:00
