200;2019;2023-02-06 12:20:00
201;2019;2023-02-06 12:20:00
202;2019;2023-02-06 12:20:00
203;2019;2023-02-06 12:20:00
204;2018;2023-02-06 12:20:00
205;2019;2023-02-06 12:20:00
206;2019;2023-02-06 12:20:00
207;2018;2023-02-06 12:20:00
208;2019;2023-02-06 12:20:00
209;2019;2023-02-06 12:20:00
210;2019;2023-02-06 12:20:00
211;2019;2023-02-06 12:20:00
212;2018;2023-02-06 12:20:00
213;2019;2023-02-06 12:20:00
214;2018;2023-02-06 12:20:00
215;2019;2023-02-06 12:20:00
216;2019;2023-02-06 12:20:00
217;2018;2023-02-06 12:20:00
218;2019;2023-02-06 12:20:00
219;2019;2023-02-06 12:20:00
220;2019;2023-02-06 12:20:00
221;2019;2023-02-06 12:20:00
222;2019;2023-02-06 12:20:00
223;2019;2023-02-06 12:20:00
224;2019;2023-02-06 12:20:00
225;2019;2023-02-06 12:20:00
226;2019;2023-02-06 12:20:00
227;2018;2023-02-06 12:20:00
228;2019;2023-02-06 12:20:00
229;2018;2023-02-06 12:20:00
230;2019;2023-02-06 12:20:00
231;2019;2023-02-06 12:20:00
232;2018;2023-02-06 12:20:00
233;2019;2023-02-06 12:20:00
234;2019;2023-02-06 12:20:00
235;2019;2023-02-06 12:20:00
236;2018;2023-02-06 12:20:00
237;2019;2023-02-06 12:20:00
238;2019;2023-02-06 12:20:00
239;2018;2023-02-06 12:20:00
240;2019;2023-02-06 12:20:00
241;2018;2023-02-06 12:20:00
242;2019;2023-02-06 12:20:00
243;2019;2023-02-06 12:20:00
244;2018;2023-02-06 12:20:00
245;2019;2023-02-06 12:20:00
246;2018;2023-02-06 12:20:00
247;2019;2023-02-06 12:20:00
248;2018;2023-02-06 12:20:00
249;2019;2023-02-06 12:20:00
250;2019;2023-02-06 12:20:00
251;2019;2023-02-06 12:20:00
252;2019;2023-02-06 12:20:00
253;2019;2023-02-06 12:20:00
254;2018;2023-02-06 12:20:00
255;2019;2023-02-06 12:20:00
256;2019;2023-02-06 12:20:00
257;2019;2023-02-06 12:20:00
258;2019;2023-02-06 12:20:00
259;2018;2023-02-06 12:20:00
260;2019;2023-02-06 12:20:00
261;2019;2023-02-06 12:20:00
262;2019;2023-02-06 12:20:00
263;2019;2023-02-06 12:20:00
264;2019;2023-02-06 12:20:00
265;2019;2023-02-06 12:20:00
266;2019;2023-02-06 12:20:00
267;2019;2023-02-06 12:20:00
268;2019;2023-02-06 12:20:00
269;2018;2023-02-06 12:20:00
270;2019;2023-02-06 12:20:00
271;2018;2023-02-06 12:20:00
272;2019;2023-02-06 12:20:00
273;2019;2023-02-06 12:20:00
274;2019;2023-02-06 12:20:00
275;2019;2023-02-06 12:20:00
276;2018;2023-02-06 12:20:00
277;2019;2023-02-06 12:20:00
278;2018;2023-02-06 12:20:00
279;2019;2023-02-06 12:20:00
280;2018;2023-02-06 12:20:00
281;2019;2023-02-06 12:20:00
282;2019;2023-02-06 12:20:00
283;2019;2023-02-06 12:20:00
284;2019;2023-02-06 12:20:00
285;2019;2023-02-06 12:20:00
286;2019;2023-02-06 12:20:00
287;2019;2023-02-06 12:20:00
288;2018;2023-02-06 12:20:00
289;2019;2023-02-06 12:20:00
290;2018;2023-02-06 12:20:00
291;2019;2023-02-06 12:20:00
292;2019;2023-02-06 12:20:00
293;2019;2023-02-06 12:20:00
294;2019;2023-02-06 12:20:00
295;2019;2023-02-06 12:20:00
296;2019;2023-02-06 12:20:00
297;2018;2023-02-06 12:20:00
298;2019;2023-02-06 12:20:00
299;2019;2023-02-06 12:20:00
300;2022;2023-02-06 12:20:00
301;2019;2023-02-06 12:20:00
